GeoID,x_coor,y_coor,y,yhat,residual,influ,CooksD,beta_Intercept,beta_z_pct_bachelor_higher,beta_z_gini,beta_z_pct_manuf,beta_z_log_pop_den,beta_z_log_3rd_party,se_Intercept,se_z_pct_bachelor_higher,se_z_gini,se_z_pct_manuf,se_z_log_pop_den,se_z_log_3rd_party,t_Intercept,t_z_pct_bachelor_higher,t_z_gini,t_z_pct_manuf,t_z_log_pop_den,t_z_log_3rd_party
1001.0,-9645037.826,3833786.021,-0.631428115,-0.7988616192884754,0.16743350428847548,0.07941053561861147,0.00032517762085593075,-1.8125609374972882,0.9517873202040509,0.3694543771998402,0.059451217218883384,0.16719486897408656,-1.1445847710041777,0.3327833476740822,0.2094776491002036,0.12196566627008518,0.15049892800059073,0.2892511216000692,0.19300449107442744,-5.446669582975813,4.543622311460845,3.029167047566543,0.3950275128780321,0.5780266919941531,-5.930353043250153
1003.0,-9765265.609,3597627.577,-0.9110806220000001,-0.22738595714359622,-0.6836946648564038,0.17721504967449492,0.015147539540532787,-1.856442280643115,0.9186761220402506,0.3603424892583086,0.007899026755615213,0.17572935217723654,-1.1726348087364522,0.34875751428934854,0.22868907807583674,0.12759363489983094,0.16610379349533838,0.3113890835404171,0.20069065961455132,-5.323017295916691,4.017140345179072,2.82414157682082,0.047554764339785505,0.5643401180903233,-5.842996435352933
1005.0,-9505698.66,3746265.191,0.799380199,0.37092071914967395,0.42845947985032606,0.04077519594069626,0.0010070813633272168,-1.8999452791590885,0.9657351840475328,0.34606368865390974,0.075102757522804,0.22692387865870284,-1.2042026394717513,0.34302058182961787,0.21154387735320668,0.12397611976007901,0.1530450372345378,0.2938524640999425,0.20010705048840197,-5.538866703056356,4.56517671950903,2.7913737687840117,0.49072324643700044,0.7722374537636122,-6.017792159409924
1007.0,-9698993.856,3895120.357,-0.810569295,-0.954320487379908,0.14375119237990808,0.05257285371753856,0.00014982442013369032,-1.7310318584119293,0.9439419174080298,0.3924347293911995,0.05132492184344051,0.1122231229925761,-1.0876200726315493,0.32751952072875756,0.210407400241939,0.12119871442760856,0.15083315917191292,0.2885713131061744,0.18827874879072945,-5.285278430306208,4.486258165457246,3.2379446534938205,0.3402761178325692,0.38889216597661497,-5.776648079600484
1009.0,-9636583.371,4026265.082,-1.644891965,-1.2288916317373282,-0.41600033326267183,0.16018314155009117,0.004865469764308867,-1.6383724825839825,0.9381022409335634,0.41219190153819274,0.06245617043632337,0.06383175533012476,-1.0239619924428816,0.3255477198937144,0.2156235185976811,0.12418451816493037,0.1552737615839944,0.29355942990748146,0.18511676633963367,-5.032664590981876,4.350648978527763,3.3191891197802743,0.40223261032121055,0.2174406570766337,-5.531438414196469
1011.0,-9541824.029,3776515.703,2.602696361,1.3861859333513147,1.2165104276486853,0.12111263201624137,0.028723969707295578,-1.8805420851327739,0.9627975149937366,0.3511938128343424,0.0722263312128185,0.21415958057151477,-1.1909892217892535,0.3404884753684734,0.21080388073178982,0.1234817038899614,0.1522604022932939,0.292645652074437,0.19842492021713642,-5.523071179127779,4.567266559094915,2.844095941106407,0.4743605699510201,0.7318050996262244,-6.0022159539535345
1013.0,-9649217.63,3730901.595,0.5463907339999999,0.7286551673288937,-0.18226443332889375,0.09053429163034284,0.00045012600189126017,-1.811056683025766,0.940733241601855,0.36834790688546354,0.05021838478036217,0.16301930574041562,-1.1448757044150624,0.3285925325603445,0.21071105713632973,0.12148230842017013,0.15171568592796977,0.2867495557187303,0.18982797167633472,-5.5115576392265515,4.464565146162226,3.03211152039901,0.33100324777363105,0.5685076140111603,-6.031122254032863
1015.0,-9554085.415,3998185.85,-0.372041656,-1.2066961876167728,0.8346545316167728,0.07606666434246795,0.007684513902652728,-1.7302802305831249,0.9492618624039272,0.38638640098123234,0.07033234248474156,0.12580194079751864,-1.0899958291036278,0.33043405090428496,0.2123527157643374,0.12410917147920116,0.1525489720616351,0.2935897392702322,0.19056273910488275,-5.236385977316623,4.470212961426824,3.1132783852802124,0.46104763299437274,0.42849569985048186,-5.719879102407901
1017.0,-9505761.287,3883877.18,0.502454916,-0.18053086563796317,0.6829857816379632,0.09664068611658003,0.006838361691562113,-1.867202841893124,0.9677192603480521,0.354638089507806,0.07959956419540215,0.2110387407242366,-1.1816619934064374,0.34306336788907704,0.21092746940858143,0.12451732985124384,0.15210680035178523,0.2960553392741876,0.20015954128130234,-5.442734540217212,4.587924290095717,2.8481022676239425,0.5233136454866458,0.7128354490806394,-5.90360062699055
1019.0,-9529378.438,4052486.028,-1.255938433,-0.3988923169814864,-0.8570461160185137,0.02738511798535285,0.0026322732392068987,-1.6730468104452445,0.9410612090512223,0.3967229329451774,0.06677866045587824,0.09141508430515599,-1.0537417715474013,0.32694762788623244,0.21396679712427982,0.12500982169855313,0.1537170073251144,0.29398381483721364,0.18780353755077758,-5.11717066510546,4.398164676478375,3.1735341075985963,0.4344259728830142,0.31095277934186566,-5.610872858358671
1021.0,-9653545.891,3875180.8230000003,-1.165078472,-0.41466292640564495,-0.7504155455943551,0.05846164673514489,0.004597147608857609,-1.7829533639802497,0.9504073418865739,0.3777994897496438,0.059878133486489196,0.14924637112511904,-1.1236853388239307,0.33080929909640366,0.20959090542536227,0.12177426726312368,0.1503901569963282,0.2892585273537479,0.19132736597341218,-5.38967123611802,4.534582929339102,3.102457507983306,0.39815194479749844,0.5159618715150223,-5.873103061378495
1023.0,-9825391.758,3766030.2410000004,0.542621801,1.022489940401052,-0.4798681394010519,0.07148475061530439,0.0023635726073451685,-1.6008897521779013,0.8858163853524057,0.42008942532710114,-0.04597551887302573,0.001626506211354406,-1.01302061085906,0.32205889134612165,0.21897037919958812,0.12383212690616703,0.15942609530668966,0.29632012725796425,0.1820247839313734,-4.970798183793661,4.045370833216659,3.392410643527274,-0.2883813894117029,0.00548901698445356,-5.565289456632383
1025.0,-9777282.745,3721056.805,0.633746058,1.4389453154411442,-0.8051992574411443,0.11762219219830448,0.012124857352923327,-1.7325412271029448,0.9100194552604162,0.3887546079094596,0.00021779270654609384,0.09821471370112572,-1.0945838097637537,0.327760670747311,0.21605512445066605,0.12281062436239246,0.1556549712563247,0.29304933783273496,0.18764198186221576,-5.2859948789849085,4.21197811241089,3.165480266286355,0.001399201739515559,0.3351473660629261,-5.8333630827215375
1027.0,-9557975.267,3931178.4110000003,-0.9806619459999999,-1.2347743045915494,0.25411235859154946,0.16719828091664993,0.001927036528498131,-1.810637371378394,0.9600124989322543,0.3691269012233627,0.07467611004529316,0.17491362046805517,-1.1428063298885363,0.3373641764241706,0.21098834375778217,0.12389197870569206,0.15172031659334265,0.29451419454612116,0.19587960749625932,-5.367011372013208,4.550073628874793,2.9794253435908975,0.4921958490598739,0.5939055696029061,-5.834228200147686
1029.0,-9519809.875,3985277.018,-1.5157729519999998,-0.9346511599813121,-0.5811217920186877,0.07468057561885107,0.0036462665476053534,-1.7608597792466711,0.9534653780464819,0.3783158308660634,0.07337503296570509,0.14599348764345324,-1.1113628314757196,0.33300772772515164,0.21182758862802278,0.12431131484904306,0.15228575108015052,0.29416822970593165,0.19272401369405504,-5.28774449552714,4.501138799822733,3.0432936159147674,0.4818246779180712,0.49629250510633716,-5.766602771359788
1031.0,-9572171.912,3685083.2939999998,-0.8627405290000001,-0.34248612830506664,-0.5202544006949334,0.07704009547802367,0.0030302081280151323,-1.8623693295760937,0.9515047575536559,0.3552244194691955,0.06255412877140792,0.19868758690027818,-1.1790138560592196,0.3353775023654757,0.21207054768515995,0.12270450212641042,0.1532317865134233,0.29000218296158026,0.19447648486520824,-5.5530538466071215,4.486736927591946,2.894958321115574,0.4082320659096936,0.6851244527583452,-6.062500856473187
1033.0,-9774370.409,4123318.03,-0.264688584,-0.8243944659524063,0.5597058819524063,0.048704746113375885,0.002087133152257707,-1.1584487617498032,0.883092524926578,0.5541812513931019,0.048501661668995555,-0.27551882832706087,-0.6553165206698051,0.30928328036573716,0.24087824558700038,0.13485210641155468,0.1847343841194813,0.2943421387170751,0.15788996242368986,-3.7455912921639385,3.666136486400233,4.109548349966429,0.2625481006157791,-0.9360495562339194,-4.150463465887057
1035.0,-9684101.481,3688628.249,0.810942675,0.4863199651389296,0.32462270986107034,0.10860869247865673,0.0017830987040620288,-1.8256412885142244,0.9367052840024319,0.36519456040677933,0.04156271991344196,0.1685949269500422,-1.1543194927438511,0.33262202523483786,0.21345306539529085,0.12240314927573764,0.15371869507460867,0.2903120702140757,0.19208040062298903,-5.488636199678253,4.388343087356277,2.983538925000249,0.27038168580125627,0.5807368836773495,-6.009564166879903
1037.0,-9601074.098,3886874.0960000004,-0.002150739,-0.9801206128574074,0.9779698738574074,0.110323465128116,0.01650229573291612,-1.8375184527938548,0.9621698310835307,0.3638462839989247,0.07164228534535816,0.1882508409550557,-1.1601287337816746,0.3396197009393099,0.21048679853832236,0.12352665533793118,0.15130994221345914,0.2941647967079307,0.1976140115287351,-5.410517846025133,4.571164737005361,2.9454880244555515,0.4734803562629708,0.639950269582956,-5.870680549455776
1039.0,-9623730.926,3665124.865,-1.224224358,-0.04341089200089865,-1.1808134659991014,0.03430506406584979,0.0063493711160570844,-1.8612316272363119,0.9467673578789324,0.3559661103669164,0.05485800591774864,0.19487037060086723,-1.1778876755461882,0.3362100429975274,0.21346600063479312,0.12289849263655074,0.1540720625621782,0.2912100141689914,0.1947444597286574,-5.5359191850494485,4.435213828260656,2.8964237292935677,0.356054206099888,0.6691746887790145,-6.04837579044544
1041.0,-9608367.317,3728192.308,-0.48322997799999995,0.30256471886935277,-0.7857946968693528,0.045053738007687465,0.003776425669861696,-1.8283772045131397,0.9461224124093478,0.36378483155013214,0.05755220325628598,0.1763558824726952,-1.1564280696748914,0.330456493090694,0.21064452861374683,0.12180598608961958,0.15189296592776208,0.28738314473218435,0.19122051790468986,-5.532883277349736,4.49155939931498,2.9865923935993997,0.37889972655914106,0.6136611896186301,-6.04761498581073
1043.0,-9670004.398,4046552.0160000003,-1.542504455,-0.9513109427890367,-0.5911935122109633,0.06690638391524134,0.0033248054034562195,-1.57466767836748,0.9313745784973229,0.4305087246458513,0.059174945144051874,0.020708936151424873,-0.9769528689412753,0.3249111360629795,0.21940036186304307,0.12521572185199956,0.15907068227990226,0.29520884822744,0.1824615908415042,-4.8464564725237755,4.245091350755007,3.4381363480433955,0.37200409463214024,0.07015012007861611,-5.354293275837479
1045.0,-9530179.828,3688968.745,-0.655931302,-0.9734828074985804,0.31755150549858036,0.10255745036176167,0.0015895421384189415,-1.883917821811782,0.9580167586235214,0.34982671181103153,0.06877980187818117,0.21420910294837167,-1.193478889957498,0.33897698225387024,0.21215922727055933,0.12330636121627847,0.15348706324045017,0.2917030732003206,0.19705641711028885,-5.557657069472812,4.515555467223661,2.8370532417012777,0.448114651659156,0.7343395480830891,-6.0565339990401315
1047.0,-9696645.481,3806235.8189999997,2.178824211,2.2029068271879,-0.024082616187900197,0.1642332225274199,1.6880601857864786e-05,-1.7565464702336704,0.9361071501791897,0.38298102874607487,0.04242743733482932,0.12626045843278066,-1.1082658013471751,0.32397431689286976,0.209089094353368,0.12051008844867442,0.1499680980587566,0.2847504692479107,0.18666147515441367,-5.421869508299686,4.477073053830035,3.177999731609089,0.2829097513672975,0.44340737617136367,-5.937303347840653
1049.0,-9551631.484,4090820.127,-1.274164055,-1.4588241195379705,0.18466006453797057,0.13679228552954348,0.0007749376059900299,-1.6271660246462916,0.9354108477615003,0.40750443618351406,0.06434528695185611,0.06333379116303911,-1.0216170299531713,0.3282935446866124,0.21700216010201884,0.12669260444374555,0.1561727240837184,0.29713141214535016,0.18758493094423248,-4.956436247321211,4.310606158582648,3.216481640524293,0.41201360435618056,0.21315077630384502,-5.446157240940051
1051.0,-9590046.085,3841985.288,-0.707556672,-0.7308475827327316,0.023290910732731596,0.0832530799285187,6.652181996734865e-06,-1.835813385451616,0.9578254895056044,0.36321417104399356,0.06832630132668656,0.18578604485699335,-1.160259544448043,0.33572256008833723,0.20975762563659964,0.12268079563454415,0.1509923600105801,0.29097527749736324,0.195096019789037,-5.468245520850807,4.566344067819568,2.960644077708611,0.45251495719319107,0.6384942612819637,-5.947120529176686
1053.0,-9702803.676,3649159.966,-0.202577697,-0.4161740328776755,0.21359633587767551,0.06916739626704241,0.0004508537036687942,-1.8460260864721518,0.9344668109911736,0.3607150270027159,0.03569228716101974,0.17871107376495907,-1.1672993885081109,0.3378841761412481,0.21701943646094005,0.12370015167972226,0.1564441908125159,0.2952204710006738,0.19509200236131233,-5.463487836436721,4.305912992080607,2.9160435302994596,0.22814709178811052,0.6053478376997481,-5.983327734502724
1055.0,-9577346.58,4034888.8989999997,-0.646328804,-1.0122262944869018,0.3658974904869018,0.1042062482810161,0.0021522184756289724,-1.668240533976441,0.9409133115882241,0.4007819844016864,0.06564831079483172,0.08632854683591515,-1.0480070023375248,0.3264803887774911,0.21414761685317046,0.12449963544932555,0.15387913355485186,0.2935348022566308,0.1870171638587805,-5.109772566196652,4.393760366865805,3.219141830859534,0.4266225658947493,0.29409986881364775,-5.603801173719492
1057.0,-9767089.186,3991450.485,-1.123193582,-0.35379482363991466,-0.7693987583600854,0.07856841521018332,0.006781324963908433,-1.5422981496832344,0.9384257669016532,0.45648385596062435,0.05227931337392858,-0.02255431171531631,-0.9410368515309389,0.33545719902945526,0.22555201635934125,0.12476058855121058,0.1672559033680734,0.30002916284943376,0.18389997967000318,-4.597600391779968,4.160573609799114,3.6588786672263174,0.31257081108150536,-0.07517373145034884,-5.117112319531354
1059.0,-9778670.786,4088373.626,-0.9967054679999999,-1.3933074775165735,0.39660200951657354,0.270650637753763,0.009906892519183027,-1.3028073531422533,0.9114464875290595,0.5330728688446028,0.06972046626856981,-0.1829819122716546,-0.7433891673617016,0.33160537783368566,0.24153444267048296,0.13523296377293254,0.18653961507239283,0.30421335806030114,0.17187635403665955,-3.9287883738594465,3.7735673531766825,3.9418855726602042,0.37375688934231205,-0.6014920365048005,-4.3251392637939245
1061.0,-9555590.651,3645083.466,-1.35113351,-0.43017621459491906,-0.9209572954050809,0.10389909671438255,0.01358522130641394,-1.88566666558983,0.9544476146244916,0.3494909769706737,0.06459060407171108,0.2132785773760197,-1.19436529845673,0.3390953697424357,0.2135126295297858,0.12339883774863568,0.15443588700304872,0.2921942927549336,0.19685122172638045,-5.560874119343218,4.470216196233688,2.832206391462044,0.4182357179095037,0.7299204079762731,-6.067350194640273
1063.0,-9790883.841,3875832.108,3.0525737189999997,2.6204663908132986,0.43210732818670117,0.21120132383431917,0.007845802004120817,-1.571746480458978,0.91721321613031,0.4328193185632491,0.005698480386355875,-0.009151864540204814,-0.984795854932552,0.31761569767951037,0.21389968193126518,0.11995343022880178,0.15443218829518637,0.2860598010071227,0.17865402903741917,-4.948579342715442,4.28805320255244,3.608227940940748,0.036899563810257135,-0.03199283684035332,-5.512307000511508
1065.0,-9754831.187,3863900.545,1.617715609,1.1690318200973624,0.4486837889026376,0.05205867488999298,0.0014437790784954446,-1.6760622311635658,0.9305421282626839,0.4058271283248059,0.02703166310984974,0.067117726809043,-1.0533341223603176,0.323401492061134,0.2110644683111791,0.12039708901060524,0.1513870993390318,0.2867352503106014,0.18480150989241648,-5.182605128014476,4.40880521344197,3.370738708550158,0.1785598854055078,0.23407560366693247,-5.699813399649838
1067.0,-9488982.437,3699912.455,-0.35843383,0.08442035133636505,-0.44285418133636506,0.07818204758588956,0.0022337162664015403,-1.917562274703311,0.9671854988508991,0.3415259585865529,0.0757682668761284,0.23737832912133894,-1.2160433937703117,0.34525459636744216,0.21260144800328587,0.12437845295082163,0.15399188919496984,0.29491422108594434,0.20151334478569174,-5.55405284934286,4.549289329562566,2.7458611237236554,0.49202764686001,0.8049063495387081,-6.0345551559553865
1069.0,-9495811.271,3652709.635,-0.56454562,-0.023015137803695573,-0.5415304821963044,0.1193926043511297,0.005589183584569913,-1.891197632099393,0.9586539231400819,0.3477500078319611,0.07052736876790522,0.21913691679058378,-1.1984299776563392,0.3396329897894061,0.21287177334523288,0.12352829489795122,0.15416668093591157,0.2921432616920796,0.1973819912375831,-5.568356693712396,4.503433724796141,2.815144563593654,0.457474782097852,0.7501008769511006,-6.071627761692925
1071.0,-9573412.645,4134003.26,-1.047321786,-1.3093933047782351,0.2620715187782352,0.09302126028710406,0.0009614295078991571,-1.5838474333873858,0.9299544812525556,0.41907254037636776,0.06453070104111022,0.038581186182631996,-0.9879805850146008,0.336329652610875,0.22266897213538314,0.1306045856342486,0.16135329097832385,0.3046700435349841,0.1908655178505175,-4.709211397485245,4.1763990390504055,3.208712300117538,0.3999342105131234,0.1266326867419831,-5.176317839602488
1073.0,-9673269.769,3969167.939,1.2147394040000001,0.866434155516782,0.3483052484832181,0.22495052199501775,0.005623905019340232,-1.7005272430717921,0.946702138368322,0.4014458044468901,0.06254231304133777,0.09873023484571483,-1.063527376807384,0.330363873695849,0.21373995902391224,0.12299048162657003,0.15370300476874196,0.2934376646287117,0.18885817896983087,-5.147437048874751,4.429223916256151,3.2640396162182723,0.406903645998577,0.33646067545772884,-5.631354610155789
1075.0,-9806929.572,3999231.986,-1.2336295,0.2898821313671893,-1.5235116313671893,0.05531916332247592,0.01781093551025019,-1.4421093258788364,0.9443401345791599,0.5010208221778352,0.05588312953139348,-0.11280512053994045,-0.8533333854466076,0.3470623937730019,0.23697259569708662,0.12828906272115076,0.1820192996726113,0.30897544216294975,0.18318683529784352,-4.1551875160005265,3.9850183174187586,3.905405586030779,0.3070176054512218,-0.36509413094535986,-4.658268068549646
1077.0,-9757615.686,4150515.111,-0.526046385,-0.6159435065092694,0.08989712150926943,0.09653177004009085,0.00011831120060236577,-1.1313156851879815,0.8721356454689687,0.5511283841597255,0.04243691978179101,-0.285603849533777,-0.6424716880814312,0.3071642908845591,0.24064700826538302,0.13595213996074704,0.1837420478423342,0.2940733104308051,0.15741374652549123,-3.6830963714241167,3.6241283519601732,4.053841184985031,0.23095921853557103,-0.9711994914308248,-4.081420474782936
1079.0,-9719399.188,4099185.9560000002,-0.594790921,-1.1917425668257673,0.5969516458257673,0.0901062757707535,0.004801111582165959,-1.4318231191769721,0.9177411485813646,0.4779105286576278,0.06433621496310346,-0.07664695135653256,-0.8582168975424262,0.3357714432743294,0.23360307095681587,0.13280627301267423,0.17544572390291974,0.3054397457361122,0.18162362098646173,-4.2642790143626215,3.9286347770274785,3.598553877135148,0.36670152758298596,-0.25093967771552717,-4.72524935292639
1081.0,-9501703.34,3842484.9469999997,0.214876407,0.24919787308897678,-0.03432146608897679,0.19780238643588735,4.482189858071148e-05,-1.8971445280379768,0.9712306902751364,0.34733263156397354,0.08046483022951653,0.22870516115585363,-1.2018343356364274,0.3461658533995222,0.2111382437823077,0.12476343779255566,0.1524662260753057,0.29671137013149834,0.202401985972204,-5.480449644027758,4.599975224178315,2.783929632826277,0.5277551120716635,0.770800124897454,-5.9378584150922125
1083.0,-9682805.442,4138140.8260000004,-0.639348881,-0.5670949876562514,-0.07225389334374854,0.07075740497765082,5.295731736058768e-05,-1.4392084496025526,0.9128689898178074,0.46908232929481813,0.06581205782965198,-0.06151684370170558,-0.8657862772725021,0.34191672239425214,0.23483090825210454,0.13636575000862713,0.1758695962934944,0.3102001715079919,0.18687892926222657,-4.20923679755871,3.887345991260187,3.439883763079379,0.3742094097937406,-0.19831337746414068,-4.632872634119386
1085.0,-9645837.841,3783707.439,2.475670835,2.375288690115634,0.10038214488436603,0.15156520996626988,0.00026264269232791705,-1.8209696041609638,0.9482033572253785,0.36659292547050815,0.05560779149071283,0.17089859396308246,-1.151025542254367,0.3318749434561276,0.20984159113388481,0.12181040276910653,0.15095352641101065,0.2882569542407361,0.19235914483882477,-5.48691499634617,4.518662635475339,3.009537093193843,0.36837689594150985,0.5928689367208033,-5.983731853345451
1087.0,-9539258.124,3814084.3030000003,3.125404033,0.5460529661584648,2.5793510668415354,0.0565148984848157,0.05228818444105612,-1.866365197927366,0.962536744901294,0.3549281433055772,0.0732823266906625,0.2065306602110963,-1.181310421209184,0.339244356279006,0.21033255921517954,0.12335831839024676,0.1517842709854313,0.2924693422531735,0.19758029622480056,-5.501536468870257,4.576261271639719,2.8772128863069795,0.48280580204319296,0.7061617420136804,-5.978887792865371
1089.0,-9634767.69,4131756.909,0.419619849,0.3070864047214491,0.11253344427855089,0.27877955649439584,0.0008401907178357471,-1.5233784637675956,0.9230832501125347,0.4399290179232728,0.0640702111329581,-0.003047961787319862,-0.9376513475494679,0.3387608715515916,0.2278299036607642,0.1327030392006886,0.16719550485594475,0.30730977122346176,0.18927471374627347,-4.496913875531792,4.051633412824481,3.315138979281117,0.38320534507288845,-0.009918206554856085,-4.953917662802059
1091.0,-9772645.475,3795949.673,1.091293369,1.4068776124393443,-0.3155842434393443,0.13027564539362374,0.0021233441205925686,-1.652180747559417,0.9105150469804031,0.408470132787111,0.006571514241313026,0.049206979163817666,-1.041490686722811,0.31496114157951133,0.21070600058896014,0.11982004233755005,0.15103384717369672,0.2829616192016016,0.1793431891588686,-5.24566535183937,4.3212582671369315,3.4090301156495397,0.04351020889877383,0.17389983596594835,-5.807249729457088
1093.0,-9783587.474,4047230.223,-1.4764405880000002,-0.37825527748922916,-1.098185310510771,0.07455022123802237,0.012995239145978311,-1.3892390139258863,0.9276955486860068,0.5095498513567759,0.06456076521265178,-0.13054008184091506,-0.8140993287461452,0.3357895511400274,0.2370768148803705,0.13040168315088757,0.1815940505748491,0.3043086672586971,0.1763384120743222,-4.137231218807522,3.9130589347343987,3.907540447673337,0.3555224689811148,-0.42897260540377935,-4.616687420339381
1095.0,-9607572.387,4078203.795,-1.278375086,-0.5767699008136778,-0.7016051851863222,0.10275720706010633,0.00777799581912021,-1.5854861414788342,0.9301271644110871,0.42065714442396746,0.060171657879505576,0.033404809516060514,-0.9904881362265332,0.3243338538959435,0.2180789191587049,0.12601620906312994,0.15733291520106382,0.2953716613447868,0.183713308585256,-4.888438633321047,4.2650943429071,3.338119338387907,0.3824479944492805,0.1130941586067295,-5.391488204388178
1097.0,-9819107.782,3604200.861,0.528873779,-0.12440170939577055,0.6532754883957705,0.28351242645363645,0.02917677533146242,-1.8042151249769813,0.8895312139530345,0.375158706898034,-0.036586868862656274,0.13259905597417937,-1.1384258010212505,0.3517524558230283,0.23973849359458166,0.13142202299432681,0.178064458507619,0.328238870223923,0.20105464257338487,-5.129218275834037,3.710422972196146,2.8546106531492725,-0.20546980104449533,0.40397121731414964,-5.662270646676191
1099.0,-9725419.176,3707216.459,0.519729283,0.9572303770883903,-0.43750109408839033,0.08585411891682626,0.0024343229851740487,-1.7891157154713584,0.9270393236381513,0.3745045233360782,0.027899259952234412,0.14173303143907667,-1.1305231020212032,0.3296118478102214,0.2136802378693679,0.12214265519131509,0.15368019257182666,0.29002891621853827,0.18974976416629652,-5.427947227496102,4.338442023847293,3.0661239740488893,0.18154102676045858,0.4886858637649775,-5.957968416922056
1101.0,-9596621.461000001,3792380.805,1.826258359,1.2268260369740742,0.5994323220259259,0.15448661221085339,0.009612137549552518,-1.8561460740247242,0.9576800539758019,0.357713185914014,0.06593093406397056,0.1965800785078573,-1.1743757740599752,0.3372771555633688,0.21021045818826273,0.12279861091368893,0.15149569013574915,0.291006765143388,0.1962207821431815,-5.503325806114328,4.555815453853926,2.913006777946688,0.4352000641397291,0.6755172114675624,-5.984971424703821
1103.0,-9668463.502999999,4089852.913,-0.72805204,-0.621682317859545,-0.10636972214045504,0.0867698460819504,0.00014572503941616158,-1.5104557574354334,0.9229498386842562,0.44549413631274365,0.05839839530530964,-0.01863118731825962,-0.9305454694441923,0.327335171779186,0.22436813160942348,0.1282972345405955,0.1641009806442754,0.29923604521441666,0.18193285289642008,-4.614401041066121,4.113551385679464,3.4723596179446994,0.35586865523918393,-0.06226251020297204,-5.114774240219166
1105.0,-9717543.348,3847468.006,2.447251895,2.199380268879893,0.24787162612010682,0.10127741184852504,0.0009536844525481338,-1.7461688614617221,0.9400798974383954,0.38719804432847515,0.04154961074560129,0.11791007360570065,-1.1001172222788504,0.32758985154179665,0.20978887116634265,0.12097183793723926,0.15031074841326192,0.28746773032670037,0.18881616846432275,-5.330350904472177,4.481076103855868,3.2007287888719627,0.2764247479585789,0.410168033370906,-5.826393106195883
1107.0,-9806043.626,3932653.772,0.480739952,0.8358064923532988,-0.3550665403532988,0.09110341649106865,0.001721135292030665,-1.5069091095779927,0.9323354275299666,0.4603745704542,0.016596832465748806,-0.06420395672935272,-0.9291179143393428,0.3338882273580139,0.22479975006761205,0.12300190681308931,0.16690348025333052,0.2983438037787608,0.18303605896574293,-4.513214261855958,4.1474041997357745,3.7428246633100892,0.09943970275849069,-0.21520124070337213,-5.076146851005117
1109.0,-9566896.352,3737415.999,0.32070502100000003,0.18131406412188067,0.13939095687811937,0.14223035162127529,0.0004649539305985415,-1.8802359311915686,0.9592463749867085,0.35120815689200385,0.06770438616862952,0.21168100948239912,-1.1908231429302747,0.33958565892562187,0.21134174760300856,0.12325917787440918,0.1526573447114582,0.2919578738538814,0.1976782251408104,-5.536853167298768,4.53883998720683,2.8493469042107002,0.44350559284651137,0.7250395637157603,-6.02404813217048
1111.0,-9513280.185,3934362.252,-0.737217467,0.0019120496027751344,-0.7391295166027751,0.11162786875890249,0.00956563188034219,-1.819994860363541,0.9616097567351194,0.36546800317928535,0.07722772896241153,0.18243282948211864,-1.1502594729242768,0.3384079715689637,0.21109673159869388,0.1243139441091012,0.15197221713726808,0.29512538633840224,0.19675655696290273,-5.3781087127631295,4.555303862132696,2.9398793980709113,0.5081700485599681,0.6181536320732981,-5.846104905876917
1113.0,-9482671.058,3801207.548,1.041118375,-0.47218009270317696,1.5132984677031769,0.06725265933503273,0.021913936485921093,-1.9025645821747856,0.9700541640072432,0.34557897109673535,0.07964019249344408,0.2311931876265677,-1.2058841286542923,0.345226629908446,0.21125505517785978,0.12450716192719977,0.15276565555003213,0.2956105413733185,0.2017310072580486,-5.5110597426373085,4.591862491482325,2.7755750412076523,0.5213226245565463,0.7820870884797039,-5.977683574998262
1115.0,-9608512.502,3990687.499,-1.243317497,-1.0974165520410821,-0.14590094495891792,0.08537575284500376,0.0002689398296541732,-1.7128282846157081,0.9473215793998995,0.39351870738702943,0.06738417825830104,0.11216195309557032,-1.0757060529434166,0.3294895511683182,0.21287626355468292,0.12365001048317922,0.15289868591404404,0.29327259919319115,0.18928846124095966,-5.198429748507314,4.450104316851441,3.1825206148329594,0.4407112975201291,0.3824494801223638,-5.682892902669163
1117.0,-9647089.837000001,3930438.602,-0.6732357379999999,0.5219560780988547,-1.1951918160988546,0.3497903537642663,0.146307309686881,-1.7712940138911082,0.9543255587302982,0.38218656381878896,0.06620436890956799,0.14481980102316477,-1.113541689160248,0.3344575283595289,0.2114235335792162,0.12294624543652712,0.1517336877383132,0.2933007437979005,0.19315064198074972,-5.296020761078625,4.513809520512679,3.108566369487864,0.43631951411967956,0.493758724058856,-5.765146197501268
1119.0,-9818276.12,3841242.4760000003,2.563331271,1.1608535026628106,1.4024777683371894,0.17409193739230275,0.06214368593815846,-1.4990863622601134,0.8947443094224494,0.44693363281814075,-0.026917425260291672,-0.06267663675410329,-0.942999671941226,0.30870617611120393,0.2148507823741337,0.11996196020543616,0.15555146830897434,0.2839723366119279,0.1721898810665301,-4.856029708068114,4.164491744155591,3.725627957835651,-0.17304513774710995,-0.22071388185869734,-5.47651038551373
1121.0,-9591923.477,3945902.3239999996,0.156372192,-0.2406798500802454,0.39705204208024536,0.10849653677794922,0.002664124186061754,-1.7814103694362151,0.9560906801042801,0.3772152698683683,0.07148689056120423,0.15534335626742513,-1.122194370319998,0.3348179735885504,0.21131594521800176,0.12355667121669185,0.15178750094627583,0.29386139899984565,0.19377455003008565,-5.320533872011741,4.524460655905259,3.052973717678212,0.47096691173871125,0.5286279749437479,-5.791237136898343
1123.0,-9550930.514,3877160.748,-0.358597365,0.20177920932980897,-0.560376574329809,0.07761069502114586,0.0035460331401790525,-1.8621778927540573,0.9662037888514663,0.3567409852277264,0.0765464490616716,0.20598980459977434,-1.1775763853071248,0.3422132909832962,0.2106715762203389,0.12411296162963212,0.1517439786883843,0.29530732249824404,0.19955673623552977,-5.441570920297634,4.586303507032791,2.8743249741496304,0.504444721453261,0.6975438429942732,-5.900960335998245
1125.0,-9743322.006000001,3933803.0130000003,0.342515296,0.17953857130025574,0.16297672469974428,0.08425203310431043,0.00033034628380255863,-1.6416525370631285,0.9377744241614562,0.4195620620455683,0.043494863374702514,0.0485160210310299,-1.023117086700252,0.326587610487241,0.21472115309985867,0.12138658255269812,0.1549769125385553,0.2908688806377212,0.18476392493801638,-5.026683451383604,4.367405868602675,3.456412176884722,0.28065382554244533,0.16679687742690105,-5.53742884084911
1127.0,-9717894.815,4002435.084,-1.199818847,-1.029231031029709,-0.17058781597029093,0.22384289559850123,0.0013385353643949177,-1.5958149979607414,0.9370725267586931,0.432661946350957,0.057064336571196875,0.02624187417968268,-0.9865246703710703,0.3282183641353414,0.21940072964697724,0.12383683188113283,0.159605356310761,0.2953117451050365,0.18368661326758948,-4.862052743955254,4.271054742007799,3.493806646848459,0.35753396934930715,0.08886160003676444,-5.3706944279816895
1129.0,-9819295.072,3685847.6160000004,-0.40453296899999996,-0.5723791961623625,0.16784622716236258,0.1895314486112198,0.0010062870991688988,-1.7238902104677503,0.8888919188637343,0.391890151040018,-0.040985841836994996,0.08130060839441977,-1.09047475525752,0.33795629950192074,0.22724615690443103,0.12757167265956668,0.1667648134904898,0.3109313595499362,0.19275011616597826,-5.100926400864301,3.911581744537753,3.0719213981445743,-0.24577032156326142,0.26147445697371907,-5.657453167595011
1131.0,-9719073.954,3761927.211,2.3338502919999997,2.6470949149066354,-0.3132446229066357,0.14397581993326672,0.0023865719728553324,-1.745509822393888,0.9266121166718411,0.3850530309022794,0.03131243044335899,0.11605578006839867,-1.1018399813645814,0.3219603914330879,0.21023069828761773,0.12049922578636205,0.15084872047069683,0.28442175462500696,0.1849752931780275,-5.421504846060086,4.407596627035592,3.195481368361283,0.207575048337527,0.40804115079527326,-5.956687309067418
1133.0,-9726364.642,4048926.3839999996,-1.644086954,-0.5961520743269477,-1.0479348796730523,0.03973557442276101,0.005858092133657002,-1.4997897881344768,0.9275623151816359,0.45948933880156706,0.05850398389675084,-0.03646590861672544,-0.9142043146268534,0.3290160365479998,0.22633637786932154,0.1269906130789205,0.16732024231684206,0.29902451351740167,0.1803039963450122,-4.55840938292889,4.098158342523167,3.618293727867976,0.3496527562156296,-0.12194956255518935,-5.070349704714924
4001.0,-12188272.08,4220144.932,2.224964763,1.2716643968455381,0.9533003661544619,0.4204829757754752,0.1408527499709295,0.01847483732095003,0.2080996625108129,0.6805753229976733,-0.4124609785545527,-0.02439122262817814,0.06369593689626102,0.18233484657437032,0.2741049557400582,0.21224165578658358,0.15519529861781506,0.2559728760838336,0.2451320063947682,0.10132367821098068,0.7591970088572931,3.206605793171985,-2.6576899057379424,-0.09528830945427895,0.2598434118541138
4003.0,-12217440.69,3747671.035,0.213089849,0.8900076324366948,-0.6769177834366948,0.1267242821253336,0.0094258106034405,0.0534855689826326,0.19707778347432506,0.6848050553446009,-0.4330835449891103,0.008071693889168723,0.015424264997719817,0.18651202778944775,0.2753736028664417,0.21302363618984302,0.15732514985902946,0.25898833647397296,0.24006591159500357,0.28676739841685767,0.7156742019673878,3.214690480329208,-2.752792833041462,0.031166244777899053,0.06425012570606396
4005.0,-12442330.55,4279571.163,1.64040721,1.4674532034636338,0.17295400653636617,0.6907514632092316,0.02674592063776304,0.021838151083879445,0.19161545465199845,0.697811724293157,-0.4149125710039769,0.001240617379254072,0.08545134570049248,0.18581744850736262,0.27919787852293704,0.21873583278893896,0.15941592358064513,0.26135590330238206,0.2640618355018113,0.11752476023807934,0.6863069865205176,3.190203065478003,-2.6027046839777044,0.0047468504195932,0.32360354360979343
4007.0,-12335616.12,4002218.482,-0.09620584900000001,0.19934149120419056,-0.2955473402041906,0.1384942806171946,0.0020177130834963413,0.037939018029812026,0.1924450578237029,0.6934060415737229,-0.4236306240082654,0.007397761456652281,0.05449260953753947,0.18697599834804512,0.2780338002806403,0.21692549790330823,0.1590101725799357,0.26084594828222074,0.2573557565021903,0.20290849288148052,0.692164253516852,3.196516999042684,-2.664173097449491,0.028360653118707127,0.21174039500093986
4009.0,-12232627.52,3886567.796,-0.343116542,0.14845699414339694,-0.49157353614339694,0.12608220813256804,0.004938322222994598,0.04412704080518785,0.1979450363532847,0.6860762644676701,-0.4274714152955349,0.002618801321083497,0.0328213543652061,0.1860318660479047,0.275800323053117,0.21389696353094273,0.1573307194534879,0.25891806872378886,0.24600900137310444,0.23720151682951343,0.7177114013574306,3.207508199939552,-2.717024474180387,0.010114401571090071,0.1334152579052515
4011.0,-12160575.77,3924144.363,0.129245923,-0.38348270192713885,0.5127286249271389,0.38236872551127365,0.03262035814245187,0.04006685217489923,0.2043758023884459,0.6798730155466907,-0.42522104768853825,-0.008235766303558392,0.029899723491610852,0.1844802493713142,0.2739627482581718,0.21165294082602676,0.1557139838176686,0.2568834114910242,0.24029255208540629,0.21718776026941686,0.7459985114321095,3.212206798985745,-2.730782664878998,-0.03206032750715847,0.12443050453342268
4012.0,-12688267.97,3992716.082,-0.41265882,-0.22633998791502624,-0.18631883208497374,0.23582207614024234,0.0017353967555713689,0.04369023765021182,0.17361675672464782,0.7127228402382288,-0.4248368027906895,0.03531050599718436,0.07771256785544037,0.19183001652234946,0.28410718865052176,0.2245363953124107,0.16514634453376792,0.2672187257517069,0.28287570108122556,0.22775495953273622,0.6110959653971043,3.1741973912361763,-2.572486869086115,0.13214083667921545,0.27472337694048105
4013.0,-12522334.14,3942082.8230000003,0.863938942,1.0616806346569807,-0.19774169265698072,0.43273765861141666,0.006509431634196676,0.04460461959486,0.18127526021364457,0.704652570302268,-0.4264410241541059,0.0254870693189762,0.06108993747850444,0.1898106815374074,0.2814453549621344,0.2211065426860687,0.1624359988832843,0.2645881524768232,0.2690012521503198,0.2349953081332224,0.6440868787407534,3.186936766962827,-2.625286433338696,0.09632732637644748,0.22709908221678818
4015.0,-12663270.16,4261600.701,-0.721840857,0.1769650541275715,-0.8988059111275715,0.13252619215455239,0.01761207835488614,0.0278751393979752,0.1804513698380286,0.7090054118420394,-0.4177681705907291,0.019715715799661374,0.09398082755480784,0.1886580110874432,0.2826243422263201,0.2230221029980947,0.1627997723483562,0.2651566513438776,0.2770662573549882,0.14775486732474372,0.6384848821462329,3.179081365976073,-2.5661471423731226,0.07435497355897877,0.3391998305820254
4017.0,-12280989.74,4220328.197,0.7141418690000001,1.1602982796271681,-0.44615641062716804,0.22320676081020918,0.009115081096205683,0.021406283680542627,0.2010470779141218,0.6877588877146628,-0.4145169603609397,-0.012577035983962426,0.07001998350701516,0.18387522293710906,0.2761854981890898,0.21486977834293267,0.1568799962970147,0.2582403776874501,0.2522250426363848,0.11641744514900863,0.7279421954894799,3.200817225291674,-2.6422550366214383,-0.04870282523821464,0.27760916511354533
4019.0,-12444393.37,3776247.9910000004,1.4291025640000001,1.2593925526293326,0.16971001137066755,0.22741463376945478,0.0013584078036855637,0.053844916127985205,0.1832493287855595,0.7006293258501096,-0.4317929597511781,0.026615442436969977,0.038840627759586153,0.18970310737610485,0.2801663053642637,0.21916358383801066,0.1616477074618326,0.2637267589476242,0.2591379027080417,0.28383781832963034,0.6540734031071449,3.1968327656476108,-2.6711975476245513,0.10092052298058905,0.14988400906889346
4021.0,-12394837.48,3882770.155,0.338010981,-0.3715241722421025,0.7095351532421025,0.24174556661199217,0.02620391769805446,0.046702508187376056,0.1872930844502162,0.6975223689734363,-0.4282405484165429,0.018277311456295728,0.04611014613319169,0.18849815226251126,0.27924147922160225,0.21822436091980912,0.1604359373651632,0.26247385859539035,0.25873858933627364,0.24776109275774744,0.6707208577046068,3.196354275175331,-2.6692308185405995,0.06963478783794097,0.1782113222904834
4023.0,-12339394.45,3701274.79,2.534915936,0.8781307943056439,1.656785141694356,0.12937261168117217,0.057996243983670856,0.057669492861198095,0.18803453270116402,0.6940553572751668,-0.43463666797143546,0.021902906167370444,0.02260489016936034,0.18872804946209415,0.27817147954625276,0.21645575712160411,0.15997275046165796,0.26194249995613833,0.24921750775810028,0.3055692729595076,0.6759662529310404,3.2064536721250096,-2.716941896148798,0.08361722962496744,0.09070345969152971
4025.0,-12529506.44,4109977.828,-0.064497286,0.47268801099031676,-0.5371852969903168,0.23947385982421818,0.01478998889702482,0.034377549476152396,0.18471047358272702,0.7035363138936035,-0.4214834829766427,0.016593260912326574,0.07375136191311482,0.1881124415667798,0.28089906586148583,0.2206604458338898,0.16139327494394262,0.26364880816651476,0.26768456457444495,0.18275000414551731,0.6575688424460964,3.188320911955449,-2.611530642296206,0.06293698434565514,0.27551593058928153
4027.0,-12679935.74,3864984.0960000004,0.79592309,0.4108704571932151,0.385052632806785,0.17649157102361687,0.004776588809359974,0.0507484394054093,0.17307200669512662,0.7125202994929953,-0.4283936253378252,0.0386769607263803,0.06424480191791239,0.19218439473307247,0.2839511762676269,0.22412213145165652,0.16536336350237266,0.267347417281673,0.27807297504300243,0.2640611870484828,0.6095132584765364,3.1791608212805484,-2.5906199309478763,0.14466928882140973,0.23103576285317654
5001.0,-10171853.1,4067966.245,-0.058142212,-0.17956019082267138,0.12141797882267139,0.458121998905841,0.0028473043784131196,-0.5657611936972711,0.8167263321290049,0.6199888363833668,0.05937021295967262,-0.7167684050761545,-0.25159977596434996,0.22942849629167136,0.2731197804524518,0.1760263492584866,0.20596561643900943,0.29319542182096076,0.11828875611328582,-2.4659586879653412,2.990359507378087,3.522136538052844,0.28825302973447187,-2.4446780260908976,-2.1269965483734685
5003.0,-10215580.36,3920738.462,-0.220001933,-0.14631820982840765,-0.07368372317159236,0.10018066007675916,8.315840630652447e-05,-0.5907334141488441,0.7785810176588163,0.6360319920108288,0.026066524230734273,-0.6649399691765913,-0.28540548472625,0.22917975773808372,0.298922673047435,0.17367866816240277,0.2209468626138778,0.3049754277435275,0.11810918596155978,-2.577598562714073,2.6046234958405647,3.662119238593484,0.11797643977542055,-2.1803067024002343,-2.4164545915940785
5005.0,-10278895.28,4340253.751,-0.7884084179999999,-0.49679763922984704,-0.2916107787701529,0.06559876047727459,0.0007909076163286493,-0.495705645774663,0.772714738880118,0.5540881599086919,0.11924715354185239,-0.6820213494228969,-0.16586275588273214,0.2461344552207416,0.2940979421697008,0.19206257059703633,0.21354262469044538,0.30470990790939656,0.12590183052478332,-2.0139628372228406,2.6274061395310446,2.884935665425494,0.5584231893502052,-2.238264433546714,-1.3173974928830177
5007.0,-10492523.85,4347358.441000001,-0.195903945,-0.44130246220057184,0.24539851720057185,0.36144427539864826,0.0066081121445698415,-0.4982675779575129,0.7366422453141628,0.5561302211401284,0.1468873565873964,-0.615133546201519,-0.16469911035075036,0.26032495544626444,0.3284578083586873,0.20204098992680536,0.229462734990766,0.3345455862391529,0.12882001997051754,-1.9140215624097703,2.2427301972061016,2.7525613557011437,0.6401359967809476,-1.8387136805977327,-1.2785210745072413
5009.0,-10362885.02,4343221.401000001,-0.966925609,-1.0248305202882866,0.057904911288286565,0.3018975734939485,0.00025712358774223633,-0.4963069251740028,0.757032336182214,0.554706797468309,0.13159264930388354,-0.65303406481279,-0.16477213751406564,0.2526616509456093,0.3098648644683368,0.19680298079424208,0.22078465980944587,0.3182783665653865,0.12723410490126688,-1.9643144233267253,2.4431047949922395,2.8185894097216755,0.5960226105267372,-2.0517701905405246,-1.2950312154270909
5011.0,-10259450.58,3957390.163,0.208482568,0.24354433785977142,-0.03506176985977141,0.17036431373922775,3.766701796525496e-05,-0.5668429840974489,0.7622021500056737,0.6250573847666964,0.058765040729142945,-0.6331784192495565,-0.2636259545279855,0.23408237110583827,0.30204721975290527,0.17905151946783707,0.2195413122790489,0.31292268912499,0.11834763342540862,-2.421553495974953,2.5234536196996147,3.4909359419257826,0.2676719024729587,-2.023434034202127,-2.2275557769741288
5013.0,-10297329.56,3969623.597,-0.34972519799999996,-0.47962570564197815,0.1299005076419782,0.3339514240410679,0.0015724722098091877,-0.5558357745816068,0.748451765681259,0.6188713888635556,0.0761015648918486,-0.6099976657671494,-0.252798950856833,0.23890861577819184,0.30959188622867995,0.18318732431940535,0.2219584034451678,0.32079763559926444,0.11919623016051255,-2.326562283118568,2.4175432205236005,3.3783526844056726,0.3428640849394495,-1.901502997762581,-2.120863642385399
5015.0,-10412647.27,4347683.962,-0.099531508,-0.8355424200283518,0.7360109120283518,0.2689649601841845,0.033750298219200246,-0.49667476248197967,0.7487475059919811,0.5548022061335388,0.13801519962080827,-0.6379469429014594,-0.16407436424377114,0.25591048651669746,0.3176564318641354,0.19908300057645145,0.22440146972536132,0.32497611297800333,0.12795154140169812,-1.940814420082676,2.357098521815001,2.7867884476680107,0.6150369682949101,-1.9630579523383003,-1.282316433599397
5017.0,-10162764.67,3930895.735,1.47352315,1.3200083146369401,0.15351483536305977,0.43140984112203984,0.00389297723114681,-0.6133597402280674,0.8183929159197698,0.6438612544779025,0.002964754176443974,-0.7202014624716409,-0.30216831556015994,0.22424244973509866,0.28623063462358195,0.16710853969261227,0.21675693268990975,0.2927248646687839,0.11795056632884166,-2.7352525846584332,2.859207984484356,3.8529524323667292,0.01367778248036625,-2.460335794455123,-2.561821659403705
5019.0,-10372409.1,4035710.125,0.665488183,0.7538920816528569,-0.08840389865285692,0.3289547751182278,0.0007067490629117855,-0.535909150793235,0.7340031311770991,0.6030156727347966,0.10996707962243123,-0.5864201816678422,-0.22741597018690313,0.2493945666869867,0.3221145744732399,0.19185960842508637,0.22635303187868994,0.3339122982359804,0.12187975932025806,-2.148840521717743,2.2787020189242555,3.1430048131795836,0.48582110303415865,-1.7562101928135962,-1.8659043261591306
5021.0,-10065204.43,4351429.424,0.002535599,-0.8016581270031394,0.8041937260031394,0.14175634520645794,0.015407509958969879,-0.5091044961992961,0.816898952734206,0.5682906205283507,0.07137544286145894,-0.7457252112469605,-0.19489606787340252,0.2153525365226455,0.23519181883604437,0.15930038597506227,0.18177866483922242,0.25018724471905296,0.11665496031329577,-2.364051542739832,3.473330648901857,3.567415214030391,0.39265027567777716,-2.9806683873287403,-1.670705363492282
5023.0,-10244426.83,4237335.365,-1.038219695,-0.1753916663905376,-0.8628280286094624,0.08298128306167114,0.00909414816460603,-0.513377427730712,0.7831091157396258,0.5752716412384248,0.10600887594214131,-0.6860484451548736,-0.1916111840293879,0.24156750105581645,0.28729400298275326,0.187704655200534,0.21052441584102302,0.30228781678611966,0.1229052527993763,-2.1251924430517306,2.7258108683411577,3.064770240374881,0.5035467051108867,-2.2695206589826924,-1.5590154176905957
5025.0,-10261979.78,4015171.7569999998,-0.750876135,-0.42689203081314653,-0.3239841041868534,0.3477100510689488,0.010618741972172972,-0.5549291035727003,0.7688837617977375,0.6166718130442688,0.07623655398899506,-0.6425568711017597,-0.24727424403639822,0.23850654841013422,0.30093792001733843,0.18353844937485023,0.21807041052868562,0.31534111043033314,0.11952312334490489,-2.3266828825951062,2.554958051658756,3.3599053230792393,0.3495960492951275,-2.0376565244692917,-2.0688402136450628
5027.0,-10378023.75,3923807.925,0.125025298,0.2638899443138324,-0.13886464631383238,0.1592094468673417,0.0005376087915841658,-0.5493450574431186,0.7133253378515221,0.6162067255024272,0.09151682740444123,-0.5541821658062545,-0.2495537168200277,0.24526879916621222,0.3283400833127376,0.18775970361847016,0.23005142355543223,0.33585179598010884,0.12036491041972401,-2.2397673870896306,2.172519817423855,3.281890169333491,0.3978103068872761,-1.6500795066139127,-2.0733095380523268
5029.0,-10319423.17,4199609.015,0.05376529099999999,-0.27887125361288495,0.33263654461288494,0.1247414554676752,0.00223032319389463,-0.5162255276749546,0.7634637874668324,0.5803177314327846,0.11600442603451998,-0.6469770247704475,-0.19729995011864734,0.2466906637309654,0.30317474169558545,0.19080482642171603,0.21742217498905692,0.3161631545344101,0.1230810069769019,-2.0926026136033142,2.5182301902756077,3.0414206092993097,0.533544593785609,-2.046339098947828,-1.6030089041737674
5031.0,-10089140.24,4277488.9860000005,-0.19509143899999998,-0.11303643312142944,-0.08205500587857054,0.1685756909537269,0.00020325885031777845,-0.5219314506738967,0.8226806910438826,0.5798100647526657,0.07182370717530388,-0.749652586806851,-0.20496880619332386,0.2190354868513663,0.2411290882701847,0.16516538305327258,0.18693713054308084,0.25889479698435786,0.11761274525398792,-2.3828625131783796,3.4117853509323206,3.5104817609732017,0.3842131681739474,-2.895587688663145,-1.7427431504186741
5033.0,-10491078.56,4244224.011,-0.848029275,-1.1857738611454467,0.33774458614544667,0.257634640858797,0.006601390798393113,-0.5082827053232635,0.7307444132185603,0.5699787184925676,0.1440927578170742,-0.595419969143833,-0.1822414539365305,0.2597918051716126,0.33121153667538256,0.2007677353618604,0.23048212817023708,0.3392008627909886,0.12699412705114443,-1.9565001482148499,2.206277053491516,2.8389956058688792,0.6251797437007586,-1.755361010124327,-1.4350384397156906
