GeoID,x_coor,y_coor,y,yhat,residual,beta_Intercept,beta_PctFB,beta_PctPov,beta_PctBlack,se_Intercept,se_PctFB,se_PctPov,se_PctBlack,t_Intercept,t_PctFB,t_PctPov,t_PctBlack
1331370000.0,941396.6,3521764.0,-0.4837342427490691,-0.26238227720358126,-0.22135196554548786,-0.02190626939015322,0.3481519232781165,-0.27699995419367823,0.209797936942828,0.061613100480719246,0.11747248309539891,0.08578804182326649,0.09521965171150128,-0.35554564239156267,2.963689147486427,-3.2288877133287515,2.203305023405029
892930000.0,895553.0,3471916.0,-0.8006864869678959,-0.21029795124883885,-0.590388535719057,-0.038168018694163426,0.2657654900031989,-0.28418494045223885,0.23402609310316458,0.06214366278274849,0.10351348918435195,0.08540779479557424,0.09536326510695987,-0.6141900394187761,2.5674478958958176,-3.327388807221201,2.4540486616170267
743402000.0,930946.4,3502787.0,-0.7654695709435819,-0.5867727946677231,-0.17869677627585878,-0.02764570708365891,0.3225530622130859,-0.2795968684654996,0.21666758947927167,0.06176102372021126,0.11871837646355834,0.08560582551417535,0.09414356630250101,-0.44762384783158754,2.7169598491948412,-3.2660962824218256,2.301459334810813
905395000.0,745398.6,3474765.0,-0.2724327466031843,-0.1625194231308679,-0.10991332347231639,-0.05348902706452073,0.2232588460356532,-0.2899941618919803,0.21048714539907998,0.06461203374098227,0.08366361356374293,0.0864937970388725,0.10467976220271641,-0.8278493024836268,2.668529800778367,-3.35277409270921,2.0107721012153568
694183000.0,849431.3,3665553.0,0.4142971158709408,0.36475712881681344,0.04953998705412738,0.04995237166059369,0.8603421522131752,-0.2589370053977284,0.04649242676373702,0.06473596933680348,0.07810625034361444,0.08952109301916678,0.09769214527262039,0.7716324042466286,11.015023105426955,-2.8924692121697966,0.4759075218790101
606455000.0,819317.3,3807616.0,-0.8006864869678959,-0.5012871449469104,-0.2993993420209855,0.046000575963334754,0.862142333758631,-0.23904347173431095,0.09717119371765862,0.0629968850098196,0.07360723676751493,0.09063309943268971,0.08492871518971519,0.7302039768500369,11.712738741730897,-2.637485347302294,1.1441500498458734
423596000.0,803747.1,3769623.0,-0.3076496626274986,-0.03181801155981139,-0.2758316510676872,0.04401107942065143,0.870554673483102,-0.24398506873325887,0.09046496296949358,0.06264961800412411,0.07339520558327695,0.09009606425272597,0.0851947803216401,0.7024955749571252,11.861192656451355,-2.708054683153119,1.0618603936527178
1217350000.0,699011.5,3793408.0,-0.3428665786518126,-0.024908116997990566,-0.317958461653822,0.023942388357101933,0.8405626464116182,-0.24443455844073125,0.12269797863927892,0.0616001515846658,0.07177817960007699,0.08970192894655478,0.08434033711619542,0.38867417922169434,11.710559547413162,-2.724964349276899,1.4547959236899695
660074000.0,863020.8,3520432.0,-0.5893849908220113,-0.29422508572812855,-0.2951599050938828,-0.030237085394487953,0.3205803447751689,-0.2806934829815849,0.2096645340443879,0.06153166378514718,0.11448054081178374,0.08547543865398281,0.09559640402411011,-0.4914069201845105,2.800304248232297,-3.2839080723279297,2.1932261593386815
1187530000.0,859915.8,3466377.0,-0.6069934488341684,-0.24045909080091815,-0.36653435803325024,-0.043617766276616676,0.2375983353893475,-0.28629039422723807,0.23048632531362934,0.06243849310111427,0.09132757398123643,0.0854379676489489,0.09668091240287438,-0.6985717321201379,2.6016056819615385,-3.3508567924223107,2.38398996849741
661796000.0,809736.9,3636468.0,1.0658100623207516,0.0575068256460506,1.008303236674701,0.029923696822270803,0.7032871909479465,-0.2678656632603829,0.07635528745233827,0.06480001275515951,0.07312104853541464,0.08851649487433517,0.09653859988980726,0.4617853538908172,9.618122346909784,-3.026166633017559,0.7909301309475487
567800000.0,844270.1,3595691.0,-0.11395662449377075,-0.1951929779605087,0.08123635346673794,0.0005132098395269095,0.5005097579369082,-0.2704419652829181,0.12110417183891213,0.061696651073321125,0.10710341036480446,0.08663031104177882,0.09907480399077984,0.008318277096061569,4.673144918841745,-3.1217937697637175,1.2223508597623105
1164010000.0,979288.9,3463849.0,-0.9063372350408383,-0.5049989692874141,-0.40133826575342424,-0.031393603717008646,0.3156651890130426,-0.28149392211389923,0.2376012141850368,0.06250574447715691,0.12227212411523954,0.08578669793898928,0.0965721278284228,-0.5022514967161398,2.5816611210216087,-3.28132366528544,2.4603497875409426
1290570000.0,827822.0,3421638.0,-0.3252581206396556,-0.02197715575592156,-0.303280964883734,-0.05458724874954844,0.19535494417656638,-0.29084288688335164,0.24219782936566212,0.06345397739468021,0.08657356462422904,0.08567706647633222,0.10012264838852682,-0.860265203078111,2.256519585678387,-3.394641049757408,2.419011415137675
1179940000.0,1023145.0,3554982.0,0.15017024568858503,-0.13736973796622637,0.28753998365481137,-0.007537431600499344,0.4202676433018829,-0.2700004561419321,0.17526079539196632,0.06246362647881254,0.1196140738244606,0.08702160172911813,0.10034277627286046,-0.12066913218777037,3.513530054319911,-3.1026831358769136,1.7466209517203561
1795000000.0,994903.4,3600493.0,1.576455344673306,-0.29016787836706714,1.8666232230403732,0.006543806720006481,0.4932833307206325,-0.2636615546197945,0.12898606950149424,0.062280370666773235,0.11634608421954638,0.08764810071503593,0.09838655262595458,0.10507013124598537,4.239793148429484,-3.0081833202184116,1.3110132031139736
2173180000.0,971593.8,3671394.0,-0.23721583057887033,-0.6494460162232641,0.41223018564439384,0.04205139458110159,0.720237521502314,-0.24975246646642582,0.06764315283030131,0.06439689628753592,0.1099436359691421,0.09022094703279442,0.10075792368967051,0.6530034365839565,6.550970550987264,-2.7682314881448016,0.6713432587062723
492321000.0,782448.2,3684504.0,-0.6598188228706395,-0.07554377301848186,-0.5842750498521576,0.0366632111363185,0.8313220675384694,-0.2595708622831475,0.06605532047741795,0.06291414533355766,0.07183944686649466,0.08873618397807023,0.09057931363578785,0.5827498878342511,11.571944158804365,-2.925197485924078,0.7292539303512621
736480000.0,724741.2,3492653.0,-0.14917354051808504,-0.39699018627278876,0.24781664575470372,-0.052427652951979785,0.24736440503854418,-0.28955318839483973,0.19878733841592855,0.06584265717189011,0.08224317455473228,0.08708304374785533,0.10521467735606337,-0.7962566397512048,3.0077195630857467,-3.325023746680545,1.8893498836022684
1789340000.0,1008480.0,3437933.0,0.4495140318952548,0.42792293552645694,0.021591096368797857,-0.033367845903441024,0.3127646393903574,-0.28258023490917156,0.243395641686997,0.0629386922046764,0.12260006761210623,0.08591172457908867,0.09747597148999289,-0.5301642715251996,2.5510967936813214,-3.289192904619598,2.496980927366131
648256000.0,964264.9,3598842.0,-0.18439045654239902,-0.2105648703612688,0.026174413818869785,0.005445475714632452,0.486618164503746,-0.2646677705223097,0.12587538896159556,0.06176058062649784,0.11543905617826145,0.0872471773820948,0.0974115871018394,0.08817073381424977,4.215368529627515,-3.033539633760414,1.2922013972526547
1303450000.0,678778.6,3713250.0,0.185387161712899,-0.07612352789975035,0.26151068961264934,0.013659195933731308,0.7923692458361319,-0.2551227753893309,0.12105080298996453,0.061099369718239406,0.06969155539853929,0.08837524694648176,0.0853149773389836,0.22355706771969794,11.369659369845829,-2.8868125884143563,1.4188693095350784
422246000.0,670055.9,3862318.0,-0.5013427007612261,-0.4381938203696177,-0.06314888039160843,0.022523700311273986,0.8361669458033159,-0.23929020977813611,0.13138938009348997,0.06180164725399356,0.07227808658662305,0.09028020164010025,0.08482006208272308,0.3644514557792556,11.568747670169653,-2.6505280829130236,1.5490365942593733
2037880000.0,962612.3,3432769.0,-0.8006864869678959,-0.16287319110200169,-0.6378132958658942,-0.03816203709537808,0.27867180893911503,-0.28464466333111543,0.2467592386679229,0.06276567324158708,0.11460436286958817,0.08563199261321908,0.09629372467396916,-0.6080080898438098,2.4315986055105445,-3.3240457759378894,2.5625682203424907
1298600000.0,1059706.0,3556747.0,1.3475453905152648,0.5019272325284354,0.8456181579868294,-0.005567508516323176,0.4326103242340133,-0.2688716597667216,0.1717499749324627,0.0630102432792623,0.12114102491993213,0.08748171057181606,0.10133701498826532,-0.08835878464471084,3.571129801154861,-3.0734613899210137,1.6948394912989206
650998000.0,704959.2,3577608.0,1.6292807187097773,2.391881232672522,-0.7626005139627445,-0.018318901746429844,0.4466062180220874,-0.2806244448551216,0.14954418230472627,0.06527574058013773,0.07680166981008262,0.08726922002474836,0.10094914096579884,-0.2806387424121231,5.815058697635978,-3.215617657354338,1.481381425082074
811796000.0,653026.6,3813760.0,-0.8887287770286811,-0.6507260396318091,-0.23800273739687205,0.01851459825622363,0.8279436932021342,-0.24370861439604355,0.13194134747291505,0.061548036382225765,0.07117983886964593,0.08976137914603578,0.08447094645861711,0.30081541742849804,11.631716316728053,-2.715072080159841,1.5619731162542854
1125800000.0,734240.9,3794110.0,1.3123284744909502,0.6064360095578661,0.7058924649330841,0.029729915621294522,0.8458318011299975,-0.24331996019233812,0.11501788266882522,0.06180294160653658,0.07152402709002606,0.08987555836254815,0.08439639947847873,0.4810436987055992,11.825841406627783,-2.7072984538333777,1.3628292602477081
313807000.0,832508.6,3762905.0,4.675543954812947,2.15606148274434,2.5194824720686073,0.049095885970344824,0.8750023107990906,-0.2439044016620558,0.07838853451399523,0.06287158118372019,0.07416540071062842,0.0900762782301082,0.08640558402774247,0.7808915418697564,11.79798534647028,-2.7077539886692406,0.9072160716930843
562391000.0,695793.9,3495219.0,0.044519497615642466,-0.4877644181543501,0.5322839157699926,-0.05367926316545447,0.2630817771679388,-0.2901696765203308,0.19101568638232538,0.06733630427090734,0.08128537961564318,0.0877300651508233,0.10507774091821435,-0.7971816057723056,3.236520250159591,-3.307528337309205,1.8178510949431195
373823000.0,745538.8,3711726.0,0.6608155280411393,2.498617179122827,-1.837801651081688,0.028315323503095607,0.8398538083878502,-0.25455150667263976,0.09526233050724561,0.0618534316692792,0.07227872980960422,0.08878990584196222,0.08570340365495704,0.45778096281695885,11.61965367405021,-2.86689690971987,1.1115349734623483
2145960000.0,908046.1,3428340.0,-0.7478611129314248,-0.5214088199164467,-0.22645229301497805,-0.04440775993813685,0.23557752274856109,-0.28714129513713016,0.24753823797777302,0.0627761241818949,0.09965836012259331,0.08546357494044798,0.09646412974548417,-0.7073988800178966,2.363851085435971,-3.359809080502583,2.566116945551579
893607000.0,724646.8,3757187.0,3.88316334426588,2.4329838093325664,1.4501795349333135,0.026713339340973037,0.8447266764367166,-0.24798948314604308,0.11221526087786157,0.0616281751575535,0.0716690023346661,0.08936289535647667,0.08426832855977975,0.4334598464530212,11.786499726788085,-2.7750833515050135,1.3316421815374722
65521.9,894463.9,3492465.0,0.026911039603485478,-0.09812851171794736,0.12503955132143282,-0.03386166586484521,0.28924719939778826,-0.282270226033093,0.22557586546026087,0.061823933950156854,0.11075281704225176,0.08542088823466754,0.09476513283259878,-0.5477112778385287,2.611646431417104,-3.3044637191976114,2.380367744102014
1443930000.0,808691.8,3455994.0,-0.16678199853024203,0.09144595425016727,-0.25822795278040933,-0.051790677665792505,0.21303478869501608,-0.28932568614357973,0.2311642232267779,0.06331929840986389,0.08478398594642488,0.08576716166599278,0.10107188564740899,-0.8179287984297146,2.512677203329802,-3.3733853438022674,2.2871268478476625
802477000.0,942527.9,3722100.0,2.280793665159588,2.068443848000978,0.2123498171586098,0.06062418551863491,0.8484498607046594,-0.24385611033955595,0.048257307473264184,0.06484710729331437,0.09053354688343576,0.09068078433165973,0.09668887287760917,0.9348787948924463,9.371662658893285,-2.6891707227373147,0.4990988728801225
604474000.0,839816.1,3449007.0,-0.7830780289557389,-0.005064690852060524,-0.7780133381036783,-0.04913835860298738,0.21358696375811928,-0.28853009898382864,0.23558267431831617,0.06291402055818428,0.087558617724211,0.08554504722608008,0.09860440518815718,-0.781039872623355,2.4393597033574452,-3.37284399669914,2.3891698739906873
1156770000.0,705457.9,3694344.0,0.4142971158709408,0.05751794666290703,0.35677916920803376,0.016027002091984856,0.7864990737413775,-0.25786537204123683,0.10962025578122146,0.06128416922031786,0.07068702277549631,0.08815266267761768,0.08657710801663823,0.2615194477772465,11.126498795108652,-2.925213648784201,1.26615751314025
847174000.0,783416.5,3623343.0,-0.9239456930529953,0.17383089073494953,-1.097776583787945,0.015803109568606102,0.6247254807686403,-0.27182792176461,0.09888225521119588,0.06429931413480251,0.07306148356540056,0.08773677563232048,0.09799538758749142,0.24577415453413903,8.550681566839812,-3.098221011719902,1.0090500955763113
731503000.0,805648.4,3537103.0,-0.16678199853024203,-0.4804722521254996,0.3136902535952576,-0.03196044946572912,0.3226889407916279,-0.28174532816908837,0.19001999876494186,0.06264352323662592,0.08893443986394704,0.08600467747698426,0.10049324179419665,-0.5101955926872698,3.628391220378531,-3.27593029163427,1.8908734097173414
449012000.0,635964.3,3854592.0,-0.518951158773383,-0.29176654034909827,-0.22718461842428478,0.018382349333564016,0.8286073194123718,-0.24083143023979753,0.13570964127104818,0.06167343023794826,0.07172717027605713,0.09009223350571431,0.08493596280195014,0.29805946033229036,11.55220980032116,-2.673165275944926,1.5977877543754915
554594000.0,764386.1,3812502.0,-0.4133004107004408,-0.29697489953322226,-0.11632551116721856,0.035252966797899694,0.857139336419472,-0.24045049798313395,0.11084903236527505,0.062166138679818836,0.07314237716251355,0.09026178410121023,0.08439054537338753,0.5670766682078642,11.71877876644632,-2.663923612605725,1.3135243038757654
1617320000.0,732628.4,3421800.0,0.13256178767642773,-0.004127587671686238,0.13668937534811398,-0.06324087203894936,0.19115454765660786,-0.2936592935049172,0.2245271565257922,0.06527268964395755,0.08621752781231437,0.08665194914969647,0.10542222586277451,-0.9688718571872689,2.217119331845484,-3.3889519668807804,2.1297895646602414
703279000.0,759231.9,3735253.0,3.8303379702294094,4.297798421753949,-0.46746045152453997,0.03312691106859545,0.8548447933603527,-0.2503000448628769,0.09575310367309714,0.06192677660296641,0.07213794569857628,0.08925205531077045,0.08495506296940229,0.5349367896375962,11.850140520112205,-2.804417713310318,1.1271029686315919
1306090000.0,860451.4,3569933.0,-0.518951158773383,-0.3760763760244994,-0.14287478274888366,-0.01222943417645984,0.42528200192605353,-0.27390955425779556,0.16266495782219578,0.0610912349972687,0.12222417775557198,0.08594779243693616,0.09777921444809655,-0.20018312245621817,3.479524344001289,-3.186929489303353,1.663594443260148
1031090000.0,800031.3,3564188.0,-0.2548242885910273,-0.5349474353632792,0.28012314677225186,-0.020928301605874305,0.38555944768852984,-0.2785373494657086,0.16516452029397366,0.06311044692747822,0.09039943906941052,0.08646453332786108,0.10083854018575117,-0.3316139026859299,4.265064602806766,-3.2214058035742235,1.6379106638169278
867334000.0,764116.9,3494367.0,1.0658100623207516,-0.013058854264797514,1.0788689165855492,-0.04700747869265971,0.2412634415347559,-0.28772301357456964,0.20762633118843965,0.06376428324249322,0.08303029711580949,0.08619310009619621,0.10406619994376774,-0.737207042912911,2.9057277875116485,-3.3381211866547904,1.9951370502682977
517775000.0,707288.7,3731361.0,0.185387161712899,0.47585293296921505,-0.290465771256316,0.021266423959842594,0.825759240593307,-0.2520125921522144,0.11348472891201275,0.06139432624022531,0.07068804567970635,0.08884449132804809,0.08474985170093215,0.34639070517087817,11.681738158880407,-2.8365584448189005,1.339055191653681
1337960000.0,703495.1,3467152.0,-0.2724327466031843,-0.5129903059877207,0.24055755938453638,-0.05906911519883277,0.22649387155165737,-0.29183111163774805,0.20399790348855004,0.06649825836053443,0.08355302203055112,0.08733873135724814,0.10570968744815211,-0.8882806355405133,2.7107801255691264,-3.341371085916619,1.9297938383235291
1093810000.0,896654.0,3401148.0,-1.100030273174566,-0.0045577922621955255,-1.0954724809123704,-0.04954439050256837,0.21498510637551932,-0.2894109571347251,0.25240241529765484,0.06320119790564196,0.09267315706343673,0.08551791418916695,0.09747578193233684,-0.7839153709797888,2.3198206814985,-3.3842144055869228,2.5893858996982537
1258320000.0,1031899.0,3596117.0,-0.5893849908220113,-0.03289766910423514,-0.5564873217177762,0.005443548375042509,0.4871517653673463,-0.26369951624596466,0.13765940542990604,0.06285566264934557,0.11804806579851157,0.08798213657287335,0.10014468569370467,0.08660394538214584,4.1267238228098835,-2.997193822720469,1.3746051972337423
974638000.0,879541.2,3785425.0,-0.518951158773383,-0.14981913596889634,-0.3691320228044867,0.05570088862968108,0.8654061748099033,-0.2394837581350324,0.07213382015958918,0.06354145015558865,0.07577430383848172,0.09055508925233761,0.08786767102614032,0.8766071358662882,11.42083966425581,-2.644619536155449,0.8209369762188146
1793480000.0,943066.2,3616602.0,-0.3252581206396556,-0.5111917239239949,0.18593360328433933,0.013528109398771162,0.5554054980604615,-0.2618240015293507,0.1020329948757263,0.061750350926874496,0.11369466680987551,0.08757502285376471,0.09878814912813605,0.21907744969403187,4.885062014291588,-2.9897109129683237,1.0328465081715563
485642000.0,981727.8,3571315.0,-0.4133004107004408,-0.3970554642585144,-0.016244946441926422,-0.004348567268573492,0.42971914870298844,-0.2687880078297695,0.15913639581251465,0.06186196165816381,0.11717007552178606,0.08682255378747056,0.09871998072985755,-0.07029468759175081,3.667482049399964,-3.0958316255903378,1.6119978411258375
1014270000.0,739255.8,3866604.0,-0.5541680747976973,-0.4699324846279655,-0.08423559016973176,0.03151073022756919,0.848702658174375,-0.23675449271891041,0.1215846216349009,0.06222365062340197,0.07338545644922008,0.09064332437414005,0.08474729294639344,0.506410824692407,11.564998015126399,-2.6119352346531426,1.434672629741799
515134000.0,731468.7,3700612.0,2.6153543673905726,1.6332987389106317,0.9820556284799409,0.023190719977145342,0.8179805760545417,-0.25665445307949386,0.09728196846882486,0.06163648765958725,0.07180406441702977,0.08845193164736295,0.08678377844638269,0.3762498620172128,11.391842268200923,-2.901626321771183,1.120969496954183
1343030000.0,662257.4,3789664.0,0.4847309479195688,0.08248672224008244,0.40224422567948637,0.018293651869659103,0.8254160624307376,-0.2458498195230577,0.12959379668688437,0.06142525331152176,0.07067835940998794,0.0894922620698991,0.08442502230265701,0.2978197220755734,11.678483616784314,-2.7471628701376827,1.5350164341360892
640339000.0,765397.3,3789005.0,0.8192916501505528,0.31513024772384657,0.5041614024267063,0.035034840787766273,0.8604030393760774,-0.24294388241138126,0.10652976450975205,0.06198065135154689,0.07305504795972313,0.08994401498286668,0.08443779175105709,0.5652544789994675,11.777461837413846,-2.701056679064853,1.2616360790654901
691699000.0,845701.3,3813323.0,-0.2548242885910273,-0.4322751791198207,0.17745089052879343,0.04912844393548542,0.8594637569187272,-0.23779979058843076,0.09191610686292026,0.06309334846682303,0.07411961763633855,0.09065967060375353,0.0854920416260349,0.7786628088271316,11.595631282606062,-2.6229942046423593,1.0751422601999137
1385270000.0,733728.4,3733248.0,3.6366449320956815,2.2508628962955037,1.3857820358001778,0.027279115492372455,0.8441467717060362,-0.2511988143172057,0.10521597552753341,0.06169926343056473,0.07188539588825886,0.08907410695690175,0.08459509976804869,0.4421303266135729,11.742952254421846,-2.820110387845342,1.243759695490934
1120030000.0,732702.3,3844809.0,-0.4133004107004408,-0.5369543842890737,0.12365397358863289,0.030233662742365726,0.8468872975234781,-0.23870501814161982,0.1210879133295632,0.06200272466431141,0.07256924996691345,0.0903751235882461,0.08475975419695238,0.4876182926807431,11.670057192400362,-2.641269064584328,1.4286015158585375
376442000.0,908386.8,3685752.0,-0.9943795251016235,-0.39035092524220344,-0.6040285998594201,0.05351776670209162,0.8546317227107083,-0.2503830731780864,0.045617454764859726,0.06420595857576013,0.09083824701206222,0.08992825181186286,0.0988666581707289,0.8335327108144188,9.408280661748389,-2.7842537593403676,0.461403830258779
1228170000.0,1023411.0,3471063.0,1.576455344673306,0.21107400852964942,1.3653813361436566,-0.026583071012332992,0.3456275794429043,-0.2793029955764016,0.22863321232064554,0.06278635143921522,0.12402746367531735,0.08616309361698024,0.09802860954793235,-0.42338932591215495,2.786701986809132,-3.2415618317743307,2.33231108117322
927950000.0,695325.1,3822135.0,-0.3076496626274986,-0.2057955482602999,-0.10185411436719871,0.024473793858598977,0.8401499889612679,-0.24176890813472535,0.12548852118974269,0.06170684337435674,0.07199816719421046,0.08999980331086817,0.0844457488391719,0.396613933241146,11.66904688969397,-2.686327072289611,1.4860253229412095
1192530000.0,765058.1,3421817.0,-0.5717765328098542,-0.18397704674457024,-0.3877994860652839,-0.0590540989951638,0.19002008683139687,-0.29246571652612696,0.23237905685594598,0.06417354919907076,0.08603067355940051,0.08610437959616682,0.10423949085352814,-0.9202249171535445,2.2087481007596215,-3.3966415866161923,2.229280428685831
1054130000.0,855577.3,3722330.0,-0.37808349467612656,-0.5294700331288769,0.1513865384527503,0.055948931046061606,0.8874211420035839,-0.2489080965208338,0.05183570154599603,0.06371651203714278,0.07481360013252346,0.08992162813294101,0.09101619687161977,0.8780915536218751,11.861762305671991,-2.768055935918394,0.569521726106743
1130070000.0,772634.6,3764306.0,3.28447577185254,3.182700971172742,0.10177480067979827,0.0364872090990471,0.86542747356766,-0.24570372302017496,0.09878495699316829,0.06202306986301809,0.07315081103598321,0.08970611991695285,0.08467094003778386,0.5882844751095267,11.83072971182715,-2.7389850686624264,1.166692574206524
724066000.0,818917.1,3839931.0,0.185387161712899,1.4081528200670943,-1.2227656583541953,0.04456083914838989,0.8559994731069054,-0.23608507928979908,0.10383068413054011,0.06305561541031574,0.07374600457343963,0.09091320322451744,0.08486157950489828,0.7066910513587636,11.607401350868603,-2.5968184038875854,1.2235299500234604
1113670000.0,794419.5,3803344.0,0.7840747341262388,2.6425194944355153,-1.8584447603092764,0.04113441660990836,0.8605316903895561,-0.24033062518542392,0.10197668608749016,0.06255542913748449,0.07288285592325339,0.09039464466837645,0.08476148219650294,0.6575674913763764,11.807052282579424,-2.658682116259271,1.2031017325897764
1242330000.0,873518.8,3689861.0,-0.7302526549192677,-0.8052793827550242,0.07502672783575648,0.061448572277105276,0.8771951876189775,-0.252521932124785,0.040449122102762886,0.06545085059738429,0.07822401331167546,0.09039124360097775,0.0970275965457212,0.9388506293845025,11.21388625413381,-2.7936548062057365,0.41688265547938735
734302000.0,665933.8,3740622.0,-0.6069934488341684,-0.25510036189710056,-0.35189308693706783,0.014715823932837694,0.8077967355742017,-0.25153891012524365,0.12633954086387164,0.061129436684373824,0.06967925484180917,0.08877178534671067,0.08467452032529416,0.24073220253638322,11.593073683237854,-2.8335456940831274,1.492060898349503
1224030000.0,695500.6,3624790.0,0.4671224899074118,0.1854207615283144,0.28170172837909735,-0.0014219373276541359,0.6094978221396626,-0.27045600025701716,0.12476450945809456,0.062221775345583326,0.07478620143034119,0.0871366035973813,0.09799597972338611,-0.02285272832150182,8.149870035950054,-3.1038161816206604,1.273159468482974
664359000.0,870749.9,3810303.0,-0.3252581206396556,-0.37831110494683595,0.05305298430718036,0.05211564383987603,0.8588545967333714,-0.23747551153774846,0.08435992208347674,0.06319224187809559,0.07523838409869373,0.09062040400691627,0.08637196559942337,0.8247158557914835,11.415112206646695,-2.620552337414254,0.976704900693379
778898000.0,675280.4,3685569.0,-0.9239456930529953,-0.5564608123369136,-0.36748488071608176,0.00863631198887975,0.7509800868159193,-0.25931855443336904,0.12086145784147657,0.060978240861371734,0.0703428897747553,0.0878633395827652,0.0872688247944653,0.14162940529087398,10.675991407527183,-2.951385135880216,1.3849327996123282
841617000.0,763488.4,3699716.0,-0.043522792445142795,0.31773006088384503,-0.3612528533289878,0.03227758422761493,0.8402969454736056,-0.25659300639920946,0.08221516062365955,0.06225507403474636,0.07253894186541279,0.08875808854263614,0.0873609147387331,0.5184731482224224,11.584080548523504,-2.8909253298751647,0.9410977537212979
985600000.0,814118.9,3590553.0,0.8897254821991811,0.7012014867483003,0.18852399545088083,-0.004326305351887825,0.4601154320750199,-0.2735614628191532,0.13292544542755397,0.06294035797704171,0.09080268490062045,0.08685891451622671,0.0996040235220835,-0.06873658636428315,5.06720073947809,-3.1494920739315404,1.3345389144654651
942482000.0,855461.8,3506293.0,-0.4661257847369118,-0.5340335579034896,0.06790777316657781,-0.035127499104533215,0.2892278628852546,-0.2826756334016667,0.2152988560431059,0.061825532597564875,0.10112261552931766,0.08545255497838668,0.09613457683160057,-0.5681713950316505,2.860169917197218,-3.307983400533351,2.239556912184115
890070000.0,815753.1,3783949.0,-0.3428665786518126,-0.2326989145674393,-0.11016766408437328,0.04640483977507957,0.8680958965051181,-0.24177967595141386,0.09174373153351705,0.06293131627456607,0.07361942984712593,0.0903834779568708,0.08512993410875608,0.7373886726382405,11.791668290664006,-2.675042844299335,1.0776906207434818
970446000.0,807249.1,3695092.0,-0.025914334432985495,0.0380415998824988,-0.0639559343154843,0.044832281878950934,0.8750632275437253,-0.25654836949237025,0.057442287761326816,0.06317837641501622,0.07401630024657571,0.08914755980327181,0.09059548888634576,0.7096143399515282,11.822574549505523,-2.877794636875239,0.6340524066644152
872538000.0,915741.9,3530869.0,-0.4661257847369118,-0.2760048360799749,-0.1901209486569369,-0.021602993104764944,0.34438670691731377,-0.2769310980942903,0.19853745703296422,0.061337656733534064,0.11711451245353323,0.08567521373077969,0.09375404345541061,-0.35219788715786265,2.9405980497417334,-3.2323362386290726,2.117641540734065
1376520000.0,924108.1,3668080.0,-0.83590340299221,-0.7505360734662756,-0.0853673295259344,0.04573712545860452,0.7903501363488004,-0.25161581679638195,0.053924196335473004,0.06407603521665188,0.09886397165468519,0.08982064947236824,0.10108442034090548,0.7137945614762147,7.994319094415478,-2.8013137098701026,0.5334570466310691
917967000.0,970465.7,3640263.0,-0.5717765328098542,-0.6635415084966269,0.09176497568677267,0.024855503326723417,0.6150077299555637,-0.2563801117085184,0.08742085949104214,0.0628232346109747,0.11522858382311091,0.08875078939293539,0.10039852938805187,0.39564189078512313,5.337284461463756,-2.888764296770597,0.8707384463088146
795647000.0,908636.7,3624562.0,-1.0648133571502516,-0.48280816006266186,-0.5820051970875897,0.018677811086647286,0.6289711700407616,-0.26126171703989176,0.0829605575976808,0.06170966266768194,0.11403835068851478,0.0876381066412508,0.10022906724496017,0.30267239001500923,5.51543552009743,-2.981142873263732,0.8277095644811792
1025110000.0,821367.1,3660143.0,0.185387161712899,-0.05468465297770958,0.2400718146906086,0.04594796308053322,0.8193155455751303,-0.26355898158334895,0.05477538753527197,0.06509402442478625,0.07293445190353669,0.0893255661372402,0.09582393770669446,0.7058706768641168,11.233587477407239,-2.9505436459077767,0.5716253041378119
481573000.0,766461.7,3663959.0,-0.16678199853024203,-0.3257882579354824,0.15900625940524035,0.02658298031311267,0.7649594253875472,-0.26384833937957014,0.072383539174713,0.06267059373737402,0.0706579350521233,0.08808135572957751,0.09387689007588239,0.4241699133170927,10.826235225006904,-2.995507246614399,0.7710474762873385
517318000.0,873804.3,3439981.0,-0.9767710670894664,-0.3696177275458999,-0.6071533395435664,-0.04656579598689341,0.22242849106001017,-0.2877555612361639,0.24029233425225202,0.06275227192219625,0.09258852652217327,0.08545167397979744,0.0968913308370474,-0.7420575313134203,2.40233319845243,-3.3674654671387168,2.4800189261140146
2125850000.0,884830.4,3599291.0,0.185387161712899,-0.27334191679263303,0.458729078505532,0.003997091386985249,0.5250964601691364,-0.2674287673045537,0.11315104220564186,0.06109037225346642,0.12154700776844832,0.0866399859573384,0.09816441136294497,0.06542915421109492,4.320110135244671,-3.086666789584152,1.1526686773202006
936953000.0,770455.5,3520161.0,0.4847309479195688,0.03774080577731405,0.44699014214225474,-0.04009188186761856,0.27445359817925075,-0.2852655847830477,0.19526680932881801,0.06366936908528785,0.08342638584516579,0.0862758512977784,0.10340743710534557,-0.6296886940078481,3.2897697221190865,-3.3064360477703367,1.8883246195328425
1414700000.0,1014742.0,3537225.0,0.4319055738830978,1.0783602281958429,-0.6464546543127451,-0.0127400182802969,0.39892484952146495,-0.27254576673402625,0.1920554187584515,0.062353365803984324,0.11921404550781535,0.08666485590684164,0.0998481037945314,-0.20431965646163763,3.3462906809526274,-3.1448245529536556,1.9234758744509097
668208000.0,919396.5,3752562.0,-0.4837342427490691,-0.4669495563909134,-0.01678468635815572,0.06160045788096407,0.8650579836641151,-0.24147627973465788,0.05049265778426452,0.06435032104239512,0.08030115818274053,0.09060599662804616,0.0929804258234538,0.9572672969320637,10.772671319329062,-2.6651247016901234,0.543046101769175
1051100000.0,1004544.0,3517834.0,-1.0119879831137806,0.02010046862369644,-1.032088451737477,-0.018167211136296622,0.3752569425990919,-0.27518169663943964,0.20414618605698542,0.062297839848082584,0.12007674929018258,0.08633631101681095,0.09781111721400171,-0.2916186368676438,3.125142417806715,-3.187322847114208,2.08714706335817
1325180000.0,864781.1,3419313.0,0.9425508562356524,0.05662213092685424,0.8859287253087982,-0.050708797699135104,0.20733473817560724,-0.2895494645339101,0.24181407064363047,0.06312352708316972,0.08918521183794116,0.08551963880148881,0.09753038474654473,-0.8033264306083954,2.3247658877836845,-3.3857657561676855,2.479371646815916
738309000.0,772600.0,3832429.0,0.026911039603485478,-0.25553315280176175,0.2824441924052472,0.03666250757729507,0.8547704968005713,-0.23831104430828087,0.11201502015658275,0.06237440874806124,0.07309344235585936,0.09053038869868621,0.08461186172549351,0.5877812441538316,11.694215913912975,-2.632387287118091,1.3238689927423342
692735000.0,917730.9,3716368.0,-0.09634816648161376,-0.6302497645998029,0.5339015981181892,0.062013083491181835,0.8637199753589485,-0.24550425570817044,0.04435429567135744,0.06492780736976773,0.08455415305631117,0.09058792562074443,0.09639170482431073,0.9551082348740598,10.214991743619386,-2.710121178135804,0.4601463969560474
1266000000.0,1030500.0,3500535.0,-0.39569195268828383,-0.1971850499235552,-0.19850690276472863,-0.020322610866866726,0.3701992820328927,-0.27623063157633687,0.21173118887970266,0.0626806919758987,0.12239284643848662,0.08643762251711289,0.0985461310536015,-0.32422441785870765,3.0246807130100617,-3.1957222275710886,2.1485489751448203
4365790.0,777055.3,3584821.0,-0.14917354051808504,-0.18761055410878097,0.03843701359069593,-0.010444611457314963,0.4471129930238225,-0.27763424036231815,0.141727003354303,0.06512347018528274,0.08519631941142165,0.08736088093754898,0.1002721231766163,-0.16038167848855422,5.2480317942453425,-3.178015576111102,1.4134237798542404
741989000.0,848638.8,3785405.0,-0.21960737256671334,-0.14400297202282025,-0.07560440054389309,0.051199168424975114,0.8666138032470677,-0.24056367977456633,0.08223525196177495,0.06314937537249435,0.0742229177290011,0.09042791710791594,0.08622179339811999,0.8107628638125164,11.675825065395617,-2.6602811108374818,0.9537641090583954
951470000.0,732876.8,3584393.0,-1.1176387311867229,-0.5021106492817837,-0.6155280819049391,-0.013129749809821565,0.461370552084903,-0.27988120652297266,0.14485059471313286,0.06540635165007633,0.07915890970393993,0.08731295793237771,0.10091831308115201,-0.20074120446383656,5.828409635888902,-3.2054945010537326,1.4353251683532733
1309650000.0,715359.8,3660275.0,-0.7478611129314248,-0.4760267960552435,-0.27183431687618126,0.011198449542290663,0.7167095808490732,-0.2638463821512717,0.10253388685876105,0.06148626400425994,0.07080332518214705,0.08755374412351087,0.09257763571526442,0.18212928893378208,10.122541264909271,-3.013536254703936,1.1075448845347324
734259000.0,716369.8,3451034.0,-0.4837342427490691,-0.29373740565256884,-0.18999683709650028,-0.060748742338586605,0.20924857620048606,-0.2924873029248936,0.21203392013086936,0.0658434073871175,0.08479157061276603,0.08700480710363559,0.10556047325554317,-0.9226245230812936,2.46779927165286,-3.361737272476198,2.008648820828729
1333440000.0,766238.6,3453930.0,-0.5541680747976973,-0.25806427661581643,-0.2961037981818808,-0.054440853674967774,0.20649362301503132,-0.290545568592141,0.22363817498990257,0.06388515588061339,0.08482580525800058,0.08608075444305983,0.10410980379467376,-0.8521675015821385,2.4343255261411776,-3.375267450569677,2.1480990919065
1032760000.0,790338.7,3660608.0,0.34386328382231257,0.12642055211505185,0.21744273170726072,0.034996466777343145,0.7806095151417527,-0.264785041483587,0.06284902786846525,0.06379425125629548,0.07098140289857309,0.08852231510930185,0.09498615725765892,0.548583392518296,10.997380768272262,-2.991167155497988,0.6616651276667749
642994000.0,920887.4,3568473.0,-0.14917354051808504,-0.0906947868338109,-0.058478753684274146,-0.008493802237162817,0.4119146319565061,-0.2713130097319935,0.16107389177314774,0.06108813360121825,0.11430767416718281,0.08615420376289398,0.09573883170476784,-0.13904177024968772,3.603560609185808,-3.1491557913839854,1.6824300955526093
922021000.0,825920.1,3717990.0,0.009302581591328487,0.009408986401445774,-0.00010640481011728667,0.05070334122131325,0.8877319362145986,-0.2513423815064303,0.058311117542478724,0.06333272626382842,0.07405350507917723,0.08967162001655497,0.08947649591433397,0.8005867457859893,11.987709903338741,-2.802920048283147,0.6516920108081411
898090000.0,707834.3,3854188.0,-0.9591626090773094,-0.3350320874363498,-0.6241305216409596,0.02704257450174471,0.8406985640117423,-0.23872524316665417,0.1258200981947644,0.061934370848336,0.07208058922648725,0.0903693760959083,0.08481288430777394,0.4366327473958875,11.663314257464659,-2.6416608532662322,1.4835021733040124
573680000.0,700833.7,3598228.0,0.9953762302721237,1.0539221090579995,-0.058545878785875805,-0.009646854279992229,0.5165875395054671,-0.2761431201448815,0.13824765487871174,0.06361726674074951,0.07660724102370581,0.08707269106552487,0.09946050131314897,-0.15163893034425224,6.743325207934471,-3.171409046460679,1.3899754480770448
723479000.0,793263.9,3719734.0,-0.2548242885910273,-0.0583947172196743,-0.196429571371353,0.04126275585219343,0.8786578167344121,-0.25205601550134654,0.07405262458181536,0.06247686282671974,0.07433660281471201,0.08928642830442479,0.08713078820822343,0.6604485882499596,11.819988854272964,-2.8230047980187303,0.8499019245050999
482701000.0,830735.9,3750903.0,3.073174275706655,0.24520868558471304,2.8279655901219423,0.04957031449188376,0.8794923740592656,-0.24563574657584966,0.07371238163146775,0.06294215432450513,0.07422182734345628,0.08996658153469218,0.086914969448844,0.7875535088347724,11.84951119553385,-2.7302998778621994,0.8480976533605414
1147710000.0,863291.8,3756777.0,0.3262548258101556,-0.2122987407989588,0.5385535666091144,0.05495268526237371,0.8746658847657663,-0.24348767215672282,0.06699326100275953,0.06340000315355986,0.07467646219449951,0.090212196863508,0.08814153101754953,0.8667615540850042,11.712738646986843,-2.699054901912235,0.7600646395559064
815367000.0,695329.2,3758093.0,-0.5893849908220113,-0.09740627804824425,-0.4919787127737671,0.021355890425396915,0.8327653451880925,-0.24861255182186573,0.12031084625947563,0.06143928889335514,0.07101647118375877,0.08922021375806737,0.08426089598565911,0.34759338543885104,11.726368986052114,-2.7865047767763946,1.4278372529999217
393140000.0,798061.4,3609091.0,0.7488578181019245,0.18188190579302518,0.5669759123088993,0.00913333194861075,0.5527704238443883,-0.2725532946599895,0.1110899529827107,0.06514505933887872,0.0780771968589721,0.08795060327118408,0.09884375989725877,0.14019991755783015,7.0797934106527505,-3.098936045038911,1.123894448149089
603261000.0,733846.7,3812828.0,-0.3428665786518126,-0.5669469228148797,0.2240803441630671,0.03005669876408148,0.8467867367893157,-0.24143127359338926,0.11743625538389149,0.06188801352887983,0.07193737329658771,0.09008572211845414,0.08441974160749595,0.4856626841004619,11.771165640120506,-2.6800170761347744,1.3910994412883144
894457000.0,953533.8,3482044.0,-0.8182949449800531,-0.4243167678511567,-0.3939781771288964,-0.03014337202972671,0.3160214111237869,-0.28080384875444425,0.22900395672720386,0.06214368119717629,0.12050043106785106,0.08567108793981608,0.095266499148339,-0.48505932460107265,2.622574942871718,-3.2776967762065645,2.4038246264368643
567968000.0,744180.8,3665561.0,-0.2900412046153413,0.010721303723248006,-0.3007625083385893,0.019826509109108537,0.7496488595268599,-0.2632355613712848,0.08515040475268204,0.06199525241142053,0.07060065736910791,0.08784143587290244,0.09271442970880532,0.3198068938817027,10.618156933123359,-2.9967128696775824,0.9184158821892111
809116000.0,668031.4,3764766.0,-0.7302526549192677,-0.09502880070164006,-0.6352238542176276,0.01727747750476954,0.8209804705054263,-0.24849498333160466,0.12724681775726918,0.06127750119969131,0.070274763777771,0.0891554136232387,0.0844790495216266,0.28195466796966223,11.682436572844306,-2.7872113787920725,1.5062529523925816
649607000.0,833819.6,3567447.0,-0.043522792445142795,0.052516316022814834,-0.09603910846795763,-0.015810766160736768,0.40996671909900173,-0.2758531747649444,0.16526553330865984,0.0616555482689663,0.10617315419456251,0.08604619282963978,0.09913306557805103,-0.25643703777904703,3.8613030027132558,-3.2058730978498686,1.6671080667685025
934554000.0,840169.1,3695254.0,0.13256178767642773,0.6911257322293028,-0.5585639445528752,0.05336817443134959,0.8901576120941578,-0.2547743165407161,0.04782963128786338,0.06395443751204413,0.07470837225644318,0.08957933689945742,0.09273781988419648,0.834471797540227,11.915098471676133,-2.844119250700317,0.5157510856691389
417297000.0,686875.4,3524124.0,-0.6422103648584825,-0.4006046916587015,-0.241605673199781,-0.04190057119295906,0.31719260434906404,-0.28718617805316876,0.1771729630770005,0.06661998597680699,0.0786804786207825,0.08750195282281072,0.10439751849696575,-0.6289489644676041,4.031401561216246,-3.2820545003688504,1.697099371975493
978648000.0,824645.5,3864805.0,0.11495332966427074,0.062486484799973416,0.05246684486429733,0.04403005898110614,0.8521346331807669,-0.23414227233540177,0.10678901532757731,0.06305734827965383,0.07384865208453685,0.09105115837400443,0.08489396908960757,0.6982542111640451,11.538932791966221,-2.571546331938272,1.2579105026278017
1115120000.0,712437.1,3519627.0,-0.8711203190165242,-0.4467879705868107,-0.4243323484297135,-0.04558935993926381,0.2956967740515257,-0.2878227935861532,0.18186237705883107,0.06690578728712711,0.07988215459412236,0.0875642798027131,0.10393579996491956,-0.6813963602822046,3.701662474603342,-3.2869886469075404,1.7497568414368612
851450000.0,954272.3,3697862.0,1.1186354363572228,1.3657427833059097,-0.24710734694868686,0.05235306133575115,0.8065093748600493,-0.2469450880322528,0.053353802645413374,0.0643029460210872,0.09882389810951535,0.09027547769238049,0.09930288201069452,0.8141627184325697,8.161076321501568,-2.73546143808548,0.5372835265714381
342248000.0,777759.0,3729605.0,1.2595031004544794,1.0174294362746348,0.24207366417984466,0.0375982284982001,0.867949257187408,-0.25076472648739195,0.08490564650676241,0.06220552418884455,0.07332306790662711,0.08931693917868204,0.0859113006921369,0.6044194464796853,11.837328714787187,-2.8075830720724464,0.9882942735440795
436626000.0,752973.1,3570222.0,-0.518951158773383,-0.2733651713120118,-0.24558598746137122,-0.02048163291719372,0.40710967207742565,-0.28101774786940253,0.15503400438103895,0.06547520940022092,0.08091513773177349,0.08723750053283369,0.10154578421837117,-0.31281508077352727,5.031316555709985,-3.2212952704168263,1.5267399387811411
1705820000.0,1004028.0,3641918.0,-0.4133004107004408,-0.25585291726384135,-0.15744749343659947,0.024048543991216455,0.5915430389448741,-0.2557086586461048,0.09627755726741838,0.06336567162109065,0.11676652155672997,0.08914198335320252,0.10031817726585611,0.37952006782189823,5.066032892462916,-2.868554737366837,0.9597219555960474
665795000.0,704495.6,3422002.0,-0.5541680747976973,0.3156444004591951,-0.8698124752568923,-0.06538885565162021,0.19218837883383127,-0.29426576121137094,0.21799903980410193,0.06614204238564915,0.08650383077248165,0.08710001198834791,0.10597616467135261,-0.9886125872914932,2.2217325766683813,-3.3784812940179307,2.057057268303193
518149000.0,754916.2,3685029.0,0.026911039603485478,-0.066642757192412,0.09355379679589748,0.027432415802507288,0.806283957590862,-0.25950772105565073,0.08143805993773458,0.06214840304163163,0.07120188858315883,0.08836746336661343,0.08923683765988924,0.4414017812192377,11.323912520230115,-2.9366885861487417,0.91260584836188
478037000.0,842085.9,3827075.0,0.37908019984662655,0.009203601104162955,0.3698765987424636,0.04771026260991816,0.8567152925765426,-0.2367043374619426,0.09623513111422892,0.0630261568502364,0.0741465176549706,0.09074016448818555,0.08525140021865847,0.7569914618669822,11.554356423900245,-2.6085949788283855,1.1288393019633536
1199930000.0,703256.8,3552857.0,-0.518951158773383,-0.461786184600496,-0.05716497417288707,-0.031084461444675564,0.37323163206029136,-0.2846351825966829,0.1624438767591724,0.0668927623059427,0.07773416358330729,0.08762204342064654,0.1019758947819012,-0.4646909526998865,4.801384807598798,-3.2484426462213025,1.5929634852098709
1277250000.0,763457.1,3551752.0,0.8721170241870242,-0.20599547135643706,1.0781124955434613,-0.02907244864584354,0.3452981317470021,-0.28235356693794705,0.17011063019038572,0.06437817372245445,0.08302654123185559,0.08673587754885716,0.1021039403897663,-0.45158858918831624,4.158888550864001,-3.2553261109153024,1.6660535287963834
1024240000.0,734217.9,3623162.0,-0.6774272808827967,-0.3660015599039327,-0.311425720978864,0.004625073690196059,0.6136263664531492,-0.27179890921810884,0.11515922013939772,0.06286692634766698,0.07428526046077742,0.0871875661835192,0.09838335820145208,0.07356926700405955,8.260405397341826,-3.117404477675237,1.1705152400225554
508483000.0,884376.9,3717493.0,-0.9415541510651524,-0.5332778311969134,-0.408276319868239,0.062006093110973645,0.8783008156821898,-0.24761240848250152,0.04338826097637004,0.06473055810281872,0.0774131080996462,0.0903839637970774,0.09431252936296011,0.9579106828104663,11.345634314948837,-2.739561290301678,0.46004768687086184
1270260000.0,963427.8,3560039.0,-0.7830780289557389,0.21494543632619262,-0.9980234652819315,-0.008989164218004464,0.40528833468815295,-0.2710601879413135,0.1706064368836849,0.06159973847988608,0.11653325933087298,0.08642380400968348,0.09707449575646718,-0.1459286100855714,3.47787693414991,-3.1364065843588897,1.7574795063750714
975806000.0,759410.8,3608179.0,-0.6774272808827967,-0.5645528601792287,-0.11287442070356801,0.0029379628483732993,0.552769713105719,-0.2753334077590385,0.12205698323254974,0.06442129598858991,0.07726744706812638,0.08736200211954957,0.09920389013515198,0.04560546017102267,7.153979251033676,-3.151638024301017,1.230364888577086
4217140.0,882069.4,3534470.0,-0.4133004107004408,-0.5462587115195037,0.13295830081906285,-0.023771746420230968,0.3369319723016522,-0.2780001131943787,0.20094357168379562,0.06123160291032496,0.12349840061452877,0.08555731561023092,0.09458936874732754,-0.3882267536756341,2.7282294396127944,-3.2492851278884154,2.12437797550555
875287000.0,743031.8,3522636.0,-0.3076496626274986,-0.28397383932060993,-0.023675823306888666,-0.04178166060698822,0.2871456721977133,-0.2862632025879496,0.186289158388368,0.06499533529595024,0.08112253683332961,0.08681631466334286,0.10366086908490094,-0.6428409118398928,3.539653509451618,-3.2973434048430157,1.797102031199375
1431580000.0,795506.2,3421725.0,0.4319055738830978,-0.10799436516317537,0.5398999390462732,-0.057276778270481686,0.19175065409854378,-0.29180493988382716,0.23808657355893206,0.06379978457110386,0.0857262888788181,0.08587474405953233,0.10235435199514797,-0.8977581767011708,2.236777733019573,-3.3980298058476257,2.3261011272898133
697785000.0,831682.3,3487715.0,0.5375563219560401,0.13808291938551212,0.399473402570528,-0.0427592752667432,0.24864245465313128,-0.2857046458099267,0.22288398274272517,0.06245629692377694,0.08794328167382284,0.08555718979340986,0.09864071676589779,-0.6846271292537177,2.82730471186342,-3.339341164661926,2.2595535601357364
959380000.0,941734.4,3567586.0,0.07973641363995676,-0.29714287244979753,0.3768792860897543,-0.007602499933204377,0.412760332547754,-0.2706630039703932,0.16287194158673082,0.06130817571428358,0.11476452036186903,0.08632497565053736,0.0966715088301022,-0.12400466731606151,3.5965848264451536,-3.135396238813864,1.6847977605581212
446153000.0,797981.7,3872640.0,0.07973641363995676,0.1937046016043512,-0.11396818796439445,0.040264981217022315,0.8517813217264845,-0.23426454276899208,0.11245875808647694,0.06291398563191655,0.07369387383893018,0.09106810247779723,0.08476781281087814,0.6400004833996037,11.558373543887646,-2.5724104971453285,1.3266681580823478
525402000.0,919077.6,3595170.0,-0.8182949449800531,-0.6410174291159111,-0.17727751586414198,0.0028242914845596685,0.4902668228368739,-0.26675851499370584,0.12352783108585007,0.06114828158500614,0.11325782192906748,0.08670816864829627,0.09761418752397372,0.04618758551102438,4.328767889814483,-3.076509620168842,1.2654700532697878
1152900000.0,682616.8,3660254.0,0.4671224899074118,0.05348428396317723,0.41363820594423456,0.005036056410434265,0.7016495446965764,-0.26347909507553735,0.11821524190087054,0.061169651547386794,0.07120562217287403,0.08748474157382716,0.09129808736087676,0.08232932970907873,9.853850346158081,-3.011714846904943,1.294827146089025
750012000.0,819399.6,3514927.0,-0.6598188228706395,-0.5267343597093308,-0.13308446316130873,-0.03743421519224196,0.2860489823803271,-0.28357084329768495,0.21031382930604095,0.06235699009641263,0.08912726786018901,0.08570675807205767,0.09999313919124152,-0.600321072815789,3.2094440820181167,-3.3086170761385434,2.1032825952569207
939147000.0,832935.0,3623868.0,-1.0824218151624088,-0.6199367875888214,-0.46248502757358734,0.02117380628199792,0.6547428218298312,-0.2664372374847723,0.08257014490825029,0.06352931893587956,0.0843066617052761,0.0879810854624181,0.09891650472738116,0.3332918821838582,7.7662050493556185,-3.0283467870896335,0.8347458812441639
854333000.0,777040.1,3858779.0,-0.14917354051808504,-0.2827647783428128,0.13359123782472773,0.037160988314905705,0.8516605391320817,-0.23601386902116162,0.11450171057736129,0.06256596414543507,0.07314722842703286,0.09080618635740306,0.0847225331717272,0.5939489436864539,11.643100599247523,-2.5990946045486067,1.3514906399844488
848400000.0,752165.2,3639192.0,-0.3428665786518126,-0.1178754336409468,-0.22499114501086578,0.014059821624507233,0.6730920633852456,-0.2686150275422205,0.09513752297223661,0.06258204288982733,0.07160993876586538,0.0874308106198384,0.09665367779508505,0.22466223496824594,9.399422412382949,-3.0723154187623494,0.9843135320099994
1158590000.0,658870.4,3842167.0,-0.4485173267247548,-0.42247163682921246,-0.026045689895542345,0.02049002290448364,0.8321483203574408,-0.24114608790385747,0.1324906858606455,0.06167274524325732,0.07172354790224096,0.09005650681076753,0.08485573474025164,0.3322378925028283,11.602163371667798,-2.6777197611114207,1.5613639580896592
857372000.0,800384.3,3742691.0,-0.2724327466031843,-0.1316101423516622,-0.14082260425152207,0.043286844947819196,0.8776972394456055,-0.24796130532901595,0.08226093385793617,0.06251524844056444,0.07383402120715174,0.08967623977658777,0.08581895743612442,0.6924205858187319,11.887436510915508,-2.765072509136946,0.9585403542004516
2356370000.0,938349.6,3446675.0,-0.09634816648161376,-0.24187824420865311,0.14553007772703935,-0.0382393919488619,0.27276638763166916,-0.2845170180252261,0.24380568881605308,0.06252473708843867,0.11103542904529841,0.08553008124358398,0.09581063595879345,-0.6115882085961251,2.456570753830207,-3.3265140625196015,2.5446620448371706
744561000.0,902471.1,3699878.0,-1.188072563235351,-0.7651679608083476,-0.42290460242700345,0.06194403161289729,0.8728153192577176,-0.24831434169087305,0.04343180088585714,0.0652829783152149,0.08542328267992758,0.0905759433342031,0.09701561379043867,0.9488542528468032,10.21753428193656,-2.741504339343768,0.44767846317679577
1777080000.0,894704.3,3648583.0,-0.201998914554556,-0.549724312700869,0.347725398146313,0.036099573852631205,0.7783109220858944,-0.25678421386772543,0.05839434799123003,0.06309550409271401,0.09674589388281887,0.08883860046216092,0.1006843115983141,0.5721417773219728,8.044898763647836,-2.890457667408861,0.579974646141473
1689100000.0,986832.8,3494323.0,-0.23721583057887033,-0.37572719882892597,0.13851136825005564,-0.024744223017039168,0.3474142046851461,-0.27833163750768813,0.22142156207697408,0.06227585626775378,0.12091180603926623,0.08598412923388123,0.09672419331144809,-0.39733252178262923,2.8732860426575964,-3.2370117600494837,2.289205569944692
544604000.0,731576.3,3544716.0,-0.9591626090773094,-0.21665150951655546,-0.742511099560754,-0.034311200157178395,0.3355675304666315,-0.2847394417911598,0.1713648335497445,0.06604923159671919,0.08036083669528188,0.08728838025567377,0.10319790809537104,-0.5194791722434317,4.175759539924417,-3.2620543645916906,1.6605456129147167
779490000.0,898776.3,3563384.0,-0.4133004107004408,-0.6502007729017801,0.2369003622013393,-0.011974411662489578,0.39445942743200557,-0.27305969200861296,0.1667514836474491,0.06097082227332505,0.12017862757808107,0.08592559246082178,0.09469211816680213,-0.1963957712233188,3.2822760201327976,-3.177862196680412,1.7609858864252343
627834000.0,796905.6,3841086.0,0.4671224899074118,0.14346924204937497,0.32365324785803684,0.04078273067555696,0.8558175035801876,-0.23670923781019798,0.1084256050113956,0.06275428027168405,0.0734540384339202,0.0907903385327012,0.08470564140903722,0.649879665562174,11.65106128712157,-2.6072073486645184,1.2800281446169146
752850000.0,686891.4,3855274.0,0.185387161712899,1.0890504012601039,-0.9036632395472048,0.024360631348851403,0.8383426988508113,-0.23930200768415458,0.12865070929200134,0.06183377934690028,0.07219391295142404,0.09028555168648585,0.08467663777885563,0.39396963287951764,11.612373738695858,-2.6505016939490424,1.519317637858861
993517000.0,838551.5,3538547.0,-0.5893849908220113,-0.6327814519737067,0.043396461151695376,-0.02733495886038303,0.3502155284561874,-0.27971155414973403,0.19285852548083374,0.06165259608200307,0.10217896741169541,0.08567022996938826,0.0973233055696377,-0.4433707677779743,3.4274717911868597,-3.2649796113501823,1.981627364093565
1230650000.0,891228.5,3749769.0,-0.09634816648161376,-0.4861918107375096,0.38984364425589585,0.060442485649466283,0.8725738423428866,-0.24296639948152757,0.05540402924376497,0.06417562838192913,0.07689558361334041,0.09048293960316964,0.09084624183105844,0.9418292765246372,11.347515700388104,-2.6852177940626545,0.6098659463183592
1175160000.0,858796.9,3637891.0,-0.37808349467612656,-0.2901998835931072,-0.08788361108301934,0.03128735370958512,0.7649005688998645,-0.2614811972179406,0.06461912463432301,0.06327413042264492,0.09116713059351883,0.08844150136491379,0.09904576125163239,0.49447307296992604,8.390091515661261,-2.9565440792220037,0.652416860830155
1489420000.0,801018.1,3487328.0,-0.8182949449800531,-0.3812461638998581,-0.43704878108019496,-0.0467115247709488,0.23699691796530512,-0.28715533619006,0.21906402093365288,0.06312858479406348,0.08502553526390924,0.08584607867714122,0.10153594097945068,-0.7399425303660773,2.787361669993545,-3.3450023648724057,2.157502248174251
