id,x_coor,y_coor,y,ols_residual,mgwr_yhat,mgwr_residual,localR2,beta_Intercept,beta_PctFB,beta_PctPov,beta_PctBlack,se_Intercept,se_PctFB,se_PctPov,se_PctBlack,t_Intercept,t_PctFB,t_PctPov,t_PctBlack,p_Intercept,p_PctFB,p_PctPov,p_PctBlack,sumW_Intercept,sumW_PctFB,sumW_PctPov,sumW_PctBlack
0.0,941396.6,3521764.0,-0.4837342427490691,-0.13258380217007726,-0.2623822772035813,-0.2213519655454878,0.4277240553205691,-0.021906269390153187,0.3481519232781165,-0.27699995419367823,0.20979793694282803,0.06161310048071925,0.11747248309539887,0.08578804182326649,0.09521965171150129,-0.35554564239156206,2.963689147486428,-3.2288877133287515,2.203305023405029,0.7226550813273656,0.0035104992126851163,0.001511590215325496,0.02902046327043461,89.18189508447537,43.796111317417214,89.18189508447537,57.677238005159474
1.0,895553.0,3471916.0,-0.8006864869678959,-0.6376085427818354,-0.21029795124883885,-0.590388535719057,0.4134532460524287,-0.03816801869416341,0.2657654900031989,-0.28418494045223885,0.23402609310316466,0.0621436627827485,0.10351348918435191,0.08540779479557427,0.09536326510695986,-0.6141900394187758,2.5674478958958185,-3.3273888072211997,2.454048661617028,0.5399731187358129,0.011172588578170852,0.0010905145410992894,0.015211544098265592,88.28298592644612,44.344510320760456,88.28298592644612,61.76046389529437
2.0,930946.4,3502787.0,-0.7654695709435819,0.06109171507935629,-0.5867727946677235,-0.17869677627585845,0.4201994335450143,-0.027645707083658894,0.3225530622130859,-0.27959686846549964,0.21666758947927167,0.06176102372021126,0.11871837646355837,0.08560582551417537,0.09414356630250098,-0.44762384783158726,2.716959849194841,-3.2660962824218256,2.301459334810814,0.6550377905262432,0.007323301062124372,0.001337333283567577,0.022672126426344613,89.21380430984327,43.42347314355497,89.21380430984327,61.04571076581424
3.0,745398.6,3474765.0,-0.2724327466031843,0.154684503324101,-0.16251942313086787,-0.10991332347231642,0.49467444114316217,-0.053489027064520724,0.22325884603565316,-0.2899941618919803,0.21048714539907998,0.06461203374098226,0.08366361356374293,0.08649379703887254,0.10467976220271638,-0.8278493024836268,2.6685298007783667,-3.3527740927092085,2.0107721012153577,0.4090045134909742,0.008413295622572314,0.00100132775545047,0.04605038466433517,74.86261790455816,42.43477789765262,74.86261790455816,53.38727434718187
4.0,849431.3,3665553.0,0.4142971158709408,-0.03588712600170685,0.36475712881681355,0.049539987054127266,0.6628129226627691,0.04995237166059369,0.860342152213175,-0.25893700539772846,0.04649242676373706,0.06473596933680348,0.07810625034361439,0.08952109301916678,0.09769214527262039,0.7716324042466286,11.01502310542696,-2.8924692121697975,0.47590752187901053,0.441484702725211,2.6919229776660007e-21,0.0043616968447666195,0.6347976318248187,74.96946531999097,36.74826104216067,74.96946531999097,50.97317870819933
5.0,819317.3,3807616.0,-0.8006864869678959,-0.32882681928516205,-0.5012871449469104,-0.2993993420209855,0.6787064402074319,0.046000575963334754,0.8621423337586309,-0.23904347173431092,0.09717119371765862,0.0629968850098196,0.07360723676751493,0.09063309943268964,0.08492871518971519,0.7302039768500369,11.712738741730895,-2.6374853473022957,1.1441500498458734,0.46634680422627717,3.321441986138131e-23,0.009186965553640208,0.25429181276786134,82.45902305153135,49.74517231333435,82.45902305153135,65.2363864354863
6.0,803747.1,3769623.0,-0.3076496626274986,-0.23793460806343758,-0.031818011559811316,-0.27583165106768726,0.6855204813165341,0.044011079420651446,0.870554673483102,-0.24398506873325893,0.09046496296949359,0.06264961800412411,0.07339520558327696,0.09009606425272593,0.0851947803216401,0.7024955749571254,11.861192656451353,-2.708054683153121,1.061860393652718,0.4834038383663759,1.300545646387126e-23,0.007513584552922318,0.2899194300001427,86.8649531688691,51.30953585438897,86.8649531688691,67.03708892235433
7.0,699011.5,3793408.0,-0.3428665786518126,-0.4135393296184854,-0.02490811699799056,-0.317958461653822,0.7002674652343237,0.02394238835710193,0.8405626464116182,-0.24443455844073125,0.12269797863927893,0.0616001515846658,0.07177817960007701,0.08970192894655478,0.08434033711619544,0.3886741792216943,11.710559547413157,-2.724964349276899,1.454795923689969,0.6980404417838083,3.367457095633788e-23,0.007155999096376661,0.1477095603188391,84.24235112814492,48.95799833777738,84.24235112814492,63.62562479099511
8.0,863020.8,3520432.0,-0.5893849908220113,-0.1295902097482583,-0.29422508572812867,-0.2951599050938827,0.449139492699026,-0.030237085394487957,0.3205803447751689,-0.2806934829815849,0.2096645340443879,0.06153166378514719,0.11448054081178374,0.08547543865398281,0.09559640402411011,-0.49140692018451043,2.800304248232297,-3.2839080723279297,2.1932261593386815,0.623820605814209,0.005742972296570353,0.0012607114066105227,0.02975247861183313,91.71342213552168,39.17154213784428,91.71342213552168,60.86899063816485
9.0,859915.8,3466377.0,-0.6069934488341684,-0.4138394030316876,-0.24045909080091823,-0.3665343580332502,0.4232666043484149,-0.04361776627661667,0.23759833538934752,-0.286290394227238,0.23048632531362936,0.06243849310111429,0.09132757398123638,0.08543796764894886,0.09668091240287442,-0.6985717321201376,2.6016056819615407,-3.3508567924223116,2.383989968497409,0.4858466593989875,0.010160562040708788,0.0010078182870116798,0.018312684805367116,87.18435915749765,45.10331571581905,87.18435915749765,62.86786089598626
10.0,809736.9,3636468.0,1.0658100623207516,0.8893893630734561,0.05750682564605043,1.0083032366747011,0.6668760002148499,0.02992369682227077,0.7032871909479465,-0.26786566326038297,0.0763552874523383,0.06480001275515952,0.07312104853541466,0.08851649487433517,0.09653859988980724,0.4617853538908166,9.61812234690978,-3.0261666330175596,0.7909301309475492,0.6448704286858692,1.587415701342133e-17,0.002892402092127059,0.4301703999915324,74.87555171899126,36.48324254948718,74.87555171899126,51.779576591534294
11.0,844270.1,3595691.0,-0.11395662449377075,0.1273777608902141,-0.19519297796050855,0.0812363534667378,0.552884629986322,0.000513209839526906,0.5005097579369081,-0.2704419652829182,0.12110417183891214,0.06169665107332113,0.10710341036480442,0.08663031104177879,0.09907480399077984,0.008318277096061512,4.6731449188417455,-3.1217937697637197,1.2223508597623107,0.9933735452822651,6.3118665650959504e-06,0.002137996018911936,0.22339530833754176,86.27388054410224,34.65518848695136,86.27388054410224,48.08265907254502
12.0,979288.9,3463849.0,-0.9063372350408383,-0.2762173966003578,-0.504998969287414,-0.40133826575342435,0.40779710244467815,-0.031393603717008625,0.3156651890130426,-0.2814939221138993,0.23760121418503685,0.0625057444771569,0.12227212411523954,0.08578669793898928,0.0965721278284228,-0.5022514967161396,2.5816611210216087,-3.281323665285441,2.4603497875409435,0.6161898725966418,0.010740980492012189,0.0012715692112287547,0.014956940771362124,82.18278078650923,39.70657795819195,82.18278078650923,54.36777053382146
13.0,827822.0,3421638.0,-0.3252581206396556,-0.4570328200324421,-0.02197715575592135,-0.30328096488373424,0.42059286529637474,-0.05458724874954842,0.19535494417656632,-0.29084288688335147,0.24219782936566214,0.0634539773946802,0.08657356462422902,0.08567706647633222,0.10012264838852679,-0.8602652030781109,2.256519585678387,-3.394641049757406,2.419011415137676,0.39094634402986883,0.02540947223535146,0.0008689765478831575,0.016698755953442595,80.03816039404518,42.736435576426814,80.03816039404518,57.10135443216795
14.0,1023145.0,3554982.0,0.15017024568858503,0.30726438254043686,-0.13736973796622637,0.28753998365481137,0.4532847157383636,-0.007537431600499335,0.4202676433018829,-0.27000045614193197,0.17526079539196635,0.06246362647881253,0.11961407382446058,0.08702160172911813,0.10034277627286044,-0.12066913218777024,3.5135300543199115,-3.1026831358769122,1.7466209517203568,0.904106424577457,0.0005769103021947725,0.0022723704357906884,0.08264641569698762,78.27496543138705,38.77724586148311,78.27496543138705,47.82088783272795
15.0,994903.4,3600493.0,1.576455344673306,2.028330436586076,-0.2901678783670671,1.8666232230403732,0.4968639243524674,0.006543806720006496,0.49328333072063246,-0.26366155461979457,0.12898606950149427,0.06228037066677322,0.11634608421954638,0.0876481007150359,0.09838655262595457,0.10507013124598563,4.239793148429484,-3.0081833202184134,1.311013203113974,0.9164534273897045,3.7945873547863436e-05,0.003059159600366359,0.19175551065123594,79.0487274738739,38.23499096046212,79.0487274738739,51.225442463241194
16.0,971593.8,3671394.0,-0.23721583057887033,0.33449679351865824,-0.6494460162232643,0.41223018564439395,0.5770470431441173,0.04205139458110158,0.7202375215023138,-0.24975246646642588,0.06764315283030134,0.06439689628753593,0.10994363596914206,0.09022094703279443,0.1007579236896705,0.6530034365839563,6.550970550987265,-2.768231488144802,0.6713432587062726,0.5147031186539521,7.647868722852874e-10,0.006310178124658566,0.5029822069513468,68.75401967757968,33.92360069488495,68.75401967757968,44.85858107928853
17.0,782448.2,3684504.0,-0.6598188228706395,-0.7878366803069354,-0.07554377301848189,-0.5842750498521576,0.702259214153737,0.036663211136318485,0.8313220675384693,-0.2595708622831475,0.066055320477418,0.06291414533355764,0.07183944686649466,0.08873618397807023,0.09057931363578785,0.5827498878342511,11.571944158804364,-2.925197485924078,0.7292539303512625,0.5608924410215533,8.076993524041972e-23,0.003949467318614462,0.46692600575384624,85.39238629127243,40.93346944599189,85.39238629127243,57.64622737535209
18.0,724741.2,3492653.0,-0.14917354051808504,0.562331708478841,-0.39699018627278837,0.24781664575470333,0.5414874388175737,-0.05242765295197978,0.24736440503854418,-0.2895531883948397,0.1987873384159286,0.06584265717189013,0.08224317455473228,0.08708304374785533,0.10521467735606335,-0.7962566397512045,3.0077195630857467,-3.3250237466805443,1.8893498836022693,0.42707764085843614,0.0030635747690002553,0.0010991909635106691,0.06067694131226845,69.91988018567156,41.69740718182747,69.91988018567156,51.62296718108992
19.0,1008480.0,3437933.0,0.4495140318952548,-0.34274815074548487,0.4279229355264569,0.021591096368797913,0.4036477905459238,-0.033367845903441024,0.3127646393903574,-0.2825802349091715,0.24339564168699704,0.0629386922046764,0.12260006761210623,0.08591172457908866,0.09747597148999287,-0.5301642715251996,2.5510967936813214,-3.2891929046195973,2.496980927366132,0.5967423156737635,0.011688301336459197,0.0012387768662364166,0.013550513394547374,77.21429695632337,36.47310955142695,77.21429695632337,50.49007048498821
20.0,964264.9,3598842.0,-0.18439045654239902,0.10414895393429016,-0.21056487036126886,0.02617441381886984,0.4995477325318506,0.005445475714632471,0.486618164503746,-0.26466777052230966,0.1258753889615956,0.06176058062649785,0.11543905617826143,0.0872471773820948,0.0974115871018394,0.08817073381425006,4.215368529627515,-3.0335396337604132,1.2922013972526554,0.9298526317301591,4.18295660178064e-05,0.0028264866242994585,0.19817415652625084,83.38559805532702,38.867703511840844,83.38559805532702,53.9101602710486
21.0,678778.6,3713250.0,0.185387161712899,0.21437487871626057,-0.07612352789975042,0.26151068961264945,0.7207832153560112,0.013659195933731296,0.7923692458361319,-0.2551227753893309,0.12105080298996453,0.06109936971823939,0.06969155539853925,0.08837524694648176,0.08531497733898358,0.2235570677196978,11.369659369845836,-2.8868125884143563,1.4188693095350788,0.8233907615887621,2.891633364423668e-22,0.004436813183319585,0.15790675915462418,86.34051705643935,40.079517577853565,86.34051705643935,58.12831872097441
22.0,670055.9,3862318.0,-0.5013427007612261,-0.1852079906183865,-0.4381938203696173,-0.06314888039160882,0.694962715226839,0.022523700311273993,0.8361669458033157,-0.23929020977813614,0.13138938009348994,0.06180164725399356,0.07227808658662306,0.09028020164010024,0.08482006208272307,0.3644514557792557,11.56874767016965,-2.650528082913024,1.5490365942593731,0.7160082192414267,8.241531554231196e-23,0.00885443249695364,0.12337362548862574,75.61981653991609,43.72914806078771,75.61981653991609,56.2633381744771
23.0,962612.3,3432769.0,-0.8006864869678959,-0.5238313110894861,-0.16287319110200166,-0.6378132958658942,0.40063160428008593,-0.038162037095378076,0.278671808939115,-0.28464466333111543,0.2467592386679229,0.06276567324158709,0.11460436286958811,0.0856319926132191,0.09629372467396914,-0.6080080898438095,2.4315986055105454,-3.3240457759378885,2.5625682203424907,0.5440550816240579,0.016150255994738072,0.0011027975296543128,0.011324315384156604,80.89383572860044,39.346794675793944,80.89383572860044,54.8788333113695
24.0,1059706.0,3556747.0,1.3475453905152648,0.6560428385129493,0.5019272325284354,0.8456181579868294,0.454879426745594,-0.005567508516323135,0.4326103242340133,-0.26887165976672156,0.17174997493246275,0.06301024327926227,0.12114102491993212,0.08748171057181607,0.1013370149882653,-0.08835878464471023,3.5711298011548616,-3.0734613899210124,1.6948394912989213,0.9297034121687512,0.0004713037168623995,0.002493008608517899,0.09207585300910327,72.52397381286916,35.276832586595255,72.52397381286916,44.1136761697518
25.0,704959.2,3577608.0,1.6292807187097773,-1.5013007636684204,2.3918812326725214,-0.7626005139627441,0.6688658260323076,-0.01831890174642984,0.4466062180220874,-0.28062444485512156,0.1495441823047263,0.06527574058013769,0.07680166981008262,0.08726922002474835,0.10094914096579884,-0.2806387424121232,5.815058697635978,-3.215617657354338,1.4813814250820745,0.779354631948497,3.259397244442249e-08,0.0015786865168673889,0.14049649642797216,70.88982314515083,39.28630122245738,70.88982314515083,50.88411206714438
26.0,653026.6,3813760.0,-0.8887287770286811,-0.41005483912975155,-0.6507260396318092,-0.23800273739687194,0.7029524311741715,0.01851459825622363,0.827943693202134,-0.24370861439604358,0.13194134747291505,0.061548036382225765,0.07117983886964593,0.08976137914603581,0.08447094645861711,0.30081541742849804,11.631716316728049,-2.7150720801598407,1.5619731162542854,0.7639507307654131,5.539210265517607e-23,0.007363270041758504,0.12029505920831216,78.27170065624294,43.53552675105053,78.27170065624294,58.02806672215024
27.0,734240.9,3794110.0,1.3123284744909502,0.7491156604324042,0.6064360095578664,0.7058924649330839,0.6955167790694023,0.029729915621294536,0.8458318011299975,-0.24331996019233815,0.1150178826688252,0.06180294160653658,0.07152402709002607,0.08987555836254814,0.08439639947847873,0.48104369870559943,11.82584140662778,-2.7072984538333786,1.362829260247708,0.6311509270508809,1.625979760292084e-23,0.007529947880020869,0.17487551903797036,86.38232653705543,54.29825906803276,86.38232653705543,66.11960496025698
28.0,832508.6,3762905.0,4.675543954812947,3.5659539129581845,2.1560614827443403,2.519482472068607,0.6787285160509412,0.04909588597034483,0.8750023107990904,-0.2439044016620558,0.07838853451399526,0.06287158118372016,0.07416540071062842,0.09007627823010814,0.08640558402774247,0.7808915418697568,11.797985346470277,-2.7077539886692428,0.9072160716930846,0.4360347094409025,1.9387923108058758e-23,0.007520087136145658,0.36567410006605094,85.72401567845947,45.3712492968303,85.72401567845947,63.744893179087775
29.0,695793.9,3495219.0,0.044519497615642466,0.7804628444542349,-0.4877644181543507,0.5322839157699931,0.5734324849028194,-0.05367926316545448,0.2630817771679388,-0.2901696765203308,0.19101568638232538,0.06733630427090732,0.08128537961564315,0.08773006515082335,0.1050777409182143,-0.7971816057723059,3.236520250159592,-3.3075283373092033,1.8178510949431204,0.4265419089808673,0.0014742095893562675,0.0011654041320503588,0.07098116921433817,63.02520307696919,39.203059712623116,63.02520307696919,49.296756627367884
30.0,745538.8,3711726.0,0.6608155280411393,-1.3070222738033408,2.498617179122827,-1.837801651081688,0.7093788308584197,0.0283153235030956,0.8398538083878502,-0.2545515066726398,0.09526233050724565,0.06185343166927919,0.07227872980960424,0.08878990584196225,0.08570340365495706,0.45778096281695885,11.619653674050207,-2.86689690971987,1.1115349734623488,0.6477387277999938,5.977357205107191e-23,0.004710795775607216,0.2680266651850608,89.39594843250933,43.141350111074644,89.39594843250933,64.54771968980711
31.0,908046.1,3428340.0,-0.7478611129314248,0.11055592158536598,-0.5214088199164468,-0.22645229301497793,0.4022015274983336,-0.04440775993813682,0.23557752274856109,-0.2871412951371301,0.24753823797777308,0.06277612418189489,0.09965836012259331,0.085463574940448,0.09646412974548417,-0.7073988800178963,2.363851085435971,-3.359809080502582,2.5661169455515793,0.4803607288910833,0.019301911690601643,0.00097784571994086,0.01121379082897624,83.05851673599872,41.82162422549726,83.05851673599872,58.22494055216135
32.0,724646.8,3757187.0,3.88316334426588,1.9999057275295402,2.4329838093325664,1.4501795349333135,0.7026666516983994,0.02671333934097304,0.8447266764367166,-0.24798948314604313,0.11221526087786161,0.06162817515755348,0.07166900233466608,0.08936289535647667,0.08426832855977974,0.43345984645302144,11.786499726788088,-2.775083351505014,1.3316421815374728,0.6652719435965586,2.084666763898575e-23,0.006184893153739997,0.18489572437508187,88.26610090752801,50.13433166796271,88.26610090752801,66.81375891150638
33.0,894463.9,3492465.0,0.026911039603485478,0.06052589436508926,-0.09812851171794734,0.12503955132143282,0.42159094452750434,-0.033861665864845195,0.28924719939778826,-0.282270226033093,0.2255758654602609,0.06182393395015686,0.11075281704225172,0.08542088823466754,0.09476513283259877,-0.5477112778385285,2.611646431417105,-3.3044637191976114,2.380367744102015,0.5846630705435247,0.009879163529505132,0.0011773786975345112,0.018487234120560088,90.2016186719063,43.399491750102214,90.2016186719063,62.21468579654251
34.0,808691.8,3455994.0,-0.16678199853024203,-0.801178172445927,0.091445954250167,-0.258227952780409,0.4394080555154345,-0.051790677665792484,0.21303478869501608,-0.2893256861435797,0.23116422322677788,0.0633192984098639,0.08478398594642488,0.0857671616659928,0.10107188564740899,-0.817928798429714,2.512677203329802,-3.3733853438022665,2.287126847847662,0.4146296251182504,0.012984857200594996,0.0009339779458928425,0.023515626252039974,82.11489318518863,45.00607522030981,82.11489318518863,58.296380438006125
35.0,942527.9,3722100.0,2.280793665159588,0.7279323625849101,2.0684438480009777,0.21234981715861023,0.6260411279740536,0.0606241855186349,0.8484498607046591,-0.2438561103395559,0.04825730747326419,0.06484710729331436,0.09053354688343579,0.09068078433165973,0.09668887287760913,0.9348787948924464,9.371662658893278,-2.6891707227373143,0.4990988728801228,0.3512773752935535,7.156385521032185e-17,0.00793197676867255,0.6184039371548704,69.72287644330615,34.17796339102608,69.72287644330615,45.694609687486654
36.0,839816.1,3449007.0,-0.7830780289557389,-1.0030643743821537,-0.005064690852060551,-0.7780133381036783,0.4251763927416148,-0.04913835860298737,0.21358696375811922,-0.28853009898382864,0.2355826743183162,0.06291402055818429,0.08755861772421102,0.0855450472260801,0.09860440518815716,-0.7810398726233545,2.439359703357444,-3.3728439966991397,2.389169873990688,0.43594772076321264,0.015820080084267173,0.0009356913329930255,0.018065604121830066,84.19684155354139,44.208513860724224,84.19684155354139,60.5409536818077
37.0,705457.9,3694344.0,0.4142971158709408,0.20221052162333158,0.05751794666290697,0.3567791692080338,0.7223246665490185,0.016027002091984842,0.7864990737413774,-0.25786537204123683,0.10962025578122148,0.06128416922031781,0.0706870227754963,0.08815266267761766,0.08657710801663826,0.2615194477772465,11.126498795108652,-2.9252136487842013,1.2661575131402496,0.7940325521121787,1.3360828818617831e-21,0.003949272874180551,0.2073203114637073,88.37672316279915,38.29542255138823,88.37672316279915,58.48012137160602
38.0,783416.5,3623343.0,-0.9239456930529953,-1.2052475295243772,0.17383089073494984,-1.0977765837879452,0.6747343418612473,0.015803109568606075,0.6247254807686402,-0.27182792176461,0.09888225521119588,0.06429931413480251,0.07306148356540051,0.08773677563232045,0.09799538758749139,0.2457741545341386,8.550681566839815,-3.0982210117199034,1.0090500955763115,0.8061760368504918,9.948725653752791e-15,0.0023048503026261115,0.31449340426517486,77.58015544754221,39.35232445334171,77.58015544754221,49.89849031182054
39.0,805648.4,3537103.0,-0.16678199853024203,0.5568695538179443,-0.4804722521254996,0.3136902535952576,0.5108375963793452,-0.0319604494657291,0.3226889407916279,-0.28174532816908837,0.1900199987649419,0.06264352323662592,0.08893443986394702,0.08600467747698425,0.10049324179419661,-0.5101955926872696,3.6283912203785325,-3.2759302916342703,1.8908734097173427,0.6106264372126906,0.00038456636906787807,0.001294509537261642,0.060471766171913695,85.52383636658293,41.29396636113108,85.52383636658293,57.0432035938342
40.0,635964.3,3854592.0,-0.518951158773383,-0.2195872292293029,-0.2917665403490983,-0.22718461842428472,0.6993567026820346,0.01838234933356403,0.8286073194123716,-0.2408314302397975,0.13570964127104818,0.061673430237948246,0.07172717027605714,0.09009223350571427,0.08493596280195011,0.29805946033229064,11.552209800321156,-2.6731652759449274,1.597787754375492,0.7660493687157239,9.147829317428661e-23,0.008302962510291462,0.11208820466221214,73.37000803388014,40.4426228794394,73.37000803388014,53.131551024485965
41.0,764386.1,3812502.0,-0.4133004107004408,-0.13726030991210125,-0.2969748995332223,-0.11632551116721851,0.6882834104300515,0.035252966797899715,0.857139336419472,-0.240450497983134,0.11084903236527505,0.062166138679818836,0.07314237716251355,0.09026178410121023,0.08439054537338754,0.5670766682078645,11.71877876644632,-2.6639236126057257,1.3135243038757651,0.5714668640265694,3.1971606511728327e-23,0.008524241189710655,0.19091052746066314,85.01752148732005,52.61116238827947,85.01752148732005,66.81673671271832
42.0,732628.4,3421800.0,0.13256178767642773,-0.011037686503158034,-0.00412758767168625,0.13668937534811398,0.47266197135154675,-0.06324087203894936,0.19115454765660783,-0.29365929350491715,0.22452715652579217,0.06527268964395756,0.08621752781231436,0.08665194914969652,0.1054222258627745,-0.9688718571872686,2.217119331845484,-3.3889519668807773,2.129789564660242,0.3340899076716922,0.02804259917074945,0.0008859462858469471,0.03473783562251232,68.69343756724447,38.1991153049306,68.69343756724447,48.75057556819762
43.0,759231.9,3735253.0,3.8303379702294094,0.5362802265049793,4.297798421753949,-0.46746045152453997,0.7003781304917653,0.03312691106859544,0.8548447933603527,-0.2503000448628769,0.09575310367309715,0.061926776602966416,0.07213794569857626,0.08925205531077043,0.08495506296940225,0.5349367896375958,11.850140520112207,-2.8044177133103183,1.1271029686315925,0.5934456051466539,1.3945998454100967e-23,0.005673685747201199,0.26140775792768084,89.96854415843494,49.95010434961513,89.96854415843494,67.41822903927414
44.0,860451.4,3569933.0,-0.518951158773383,-0.02260871131450992,-0.3760763760244992,-0.14287478274888382,0.49821604703416844,-0.012229434176459839,0.4252820019260535,-0.27390955425779545,0.1626649578221958,0.061091234997268706,0.12222417775557198,0.08594779243693614,0.09777921444809652,-0.2001831224562181,3.4795243440012884,-3.186929489303353,1.6635944432601486,0.8415947945813247,0.0006493124339498087,0.0017333076629932785,0.09817570368703112,91.02166457504018,34.840281477771754,91.02166457504018,50.033086668213045
45.0,800031.3,3564188.0,-0.2548242885910273,0.4715862436998877,-0.5349474353632794,0.2801231467722521,0.552305787332035,-0.020928301605874302,0.38555944768852984,-0.2785373494657086,0.16516452029397363,0.06311044692747819,0.09039943906941052,0.08646453332786108,0.10083854018575113,-0.33161390268593,4.265064602806766,-3.2214058035742235,1.6379106638169283,0.7406202704411733,3.429229573717158e-05,0.0015490870125540596,0.10343032061987753,82.43835834874031,39.31528160252711,82.43835834874031,53.15120693490314
46.0,764116.9,3494367.0,1.0658100623207516,1.108850507262435,-0.01305885426479747,1.0788689165855492,0.499639172611438,-0.0470074786926597,0.24126344153475585,-0.2877230135745697,0.20762633118843973,0.06376428324249321,0.08303029711580948,0.08619310009619623,0.1040661999437677,-0.737207042912911,2.905727787511648,-3.338121186654791,1.9951370502682992,0.46208978817345137,0.004190170594894324,0.0010519393728502572,0.047747218669248255,79.84543069564062,44.02841424251574,79.84543069564062,55.14318774488352
47.0,707288.7,3731361.0,0.185387161712899,-0.326932172441458,0.4758529329692152,-0.29046577125631623,0.7113665153507065,0.02126642395984258,0.8257592405933069,-0.2520125921522144,0.1134847289120128,0.061394326240225304,0.07068804567970635,0.08884449132804807,0.08474985170093215,0.34639070517087794,11.681738158880405,-2.836558444818901,1.3390551916536817,0.7295099670410521,4.0394752133816593e-23,0.00515797834304008,0.1824759628966085,88.18061779124018,45.26650543354485,88.18061779124018,63.041180653089114
48.0,703495.1,3467152.0,-0.2724327466031843,0.5614054766486963,-0.5129903059877208,0.2405575593845365,0.5296495975195668,-0.059069115198832754,0.2264938715516573,-0.29183111163774805,0.20399790348855001,0.06649825836053444,0.08355302203055112,0.08733873135724818,0.10570968744815208,-0.8882806355405128,2.7107801255691255,-3.341371085916617,1.9297938383235294,0.37574009583586776,0.007454878002238585,0.001040512119766027,0.055423936722671395,65.065833565638,38.632200544067246,65.065833565638,48.70151768324085
49.0,896654.0,3401148.0,-1.100030273174566,-1.3645734156872704,-0.004557792262195548,-1.0954724809123704,0.4005206937002469,-0.04954439050256835,0.21498510637551932,-0.28941095713472514,0.2524024152976548,0.06320119790564196,0.09267315706343672,0.08551791418916697,0.09747578193233686,-0.7839153709797885,2.3198206814985003,-3.3842144055869223,2.589385899698253,0.4342633796734149,0.021630378604422726,0.0009003139039155027,0.010512735685318172,79.64703074228777,41.31585966542143,79.64703074228777,55.987138247591716
50.0,1031899.0,3596117.0,-0.5893849908220113,-0.5589346695228143,-0.032897669104235056,-0.5564873217177763,0.48732761246068224,0.005443548375042516,0.4871517653673462,-0.26369951624596466,0.13765940542990604,0.06285566264934557,0.1180480657985116,0.08798213657287333,0.10014468569370466,0.08660394538214596,4.126723822809882,-2.9971938227204697,1.3746051972337425,0.9310959848637039,5.937589727018819e-05,0.003165375433244767,0.17120030154659144,73.96030918449745,36.186539179087575,73.96030918449745,46.45366903573419
51.0,879541.2,3785425.0,-0.518951158773383,-0.40142636753924343,-0.14981913596889637,-0.36913202280448665,0.6639454569183973,0.055700888629681096,0.8654061748099033,-0.23948375813503242,0.0721338201595892,0.06354145015558868,0.07577430383848172,0.09055508925233759,0.08786767102614033,0.876607135866288,11.42083966425581,-2.6446195361554503,0.8209369762188148,0.38203091304005876,2.0944706877087364e-22,0.009003706221499628,0.412919072259081,78.82792503849363,40.094595352321434,78.82792503849363,55.45869202174596
52.0,943066.2,3616602.0,-0.3252581206396556,0.2816442485689072,-0.5111917239239949,0.18593360328433933,0.5307397359133651,0.01352810939877118,0.5554054980604614,-0.2618240015293507,0.10203299487572633,0.06175035092687449,0.11369466680987558,0.08757502285376477,0.09878814912813604,0.21907744969403217,4.885062014291584,-2.9897109129683215,1.0328465081715568,0.8268724644832728,2.514491999291897e-06,0.0032396301350762187,0.3032540806340101,83.16492909045374,38.22048679233459,83.16492909045374,51.76063709848061
53.0,981727.8,3571315.0,-0.4133004107004408,0.1265370724408416,-0.39705546425851423,-0.01624494644192659,0.46537063778806054,-0.004348567268573466,0.42971914870298833,-0.2687880078297695,0.1591363958125147,0.06186196165816383,0.1171700755217861,0.08682255378747056,0.09871998072985752,-0.07029468759175037,3.667482049399961,-3.0958316255903378,1.6119978411258387,0.9440480033408875,0.0003342567287031295,0.0023224186358319016,0.1089581504032747,83.5553736551458,40.53315876845063,83.5553736551458,51.389474638521946
54.0,739255.8,3866604.0,-0.5541680747976973,-0.02993663125598711,-0.46993248462796555,-0.0842355901697317,0.6868726774707734,0.03151073022756919,0.848702658174375,-0.23675449271891044,0.12158462163490093,0.06222365062340198,0.07338545644922008,0.09064332437414005,0.08474729294639344,0.5064108246924068,11.564998015126399,-2.611935234653143,1.4346726297417995,0.6132741945575406,8.438816605453459e-23,0.009871174362306445,0.15335679275886216,78.31664432190873,47.62725681002892,78.31664432190873,60.17815793216996
55.0,731468.7,3700612.0,2.6153543673905726,1.2221354616478728,1.6332987389106308,0.9820556284799418,0.7160818597995997,0.02319071997714535,0.8179805760545417,-0.2566544530794938,0.09728196846882489,0.06163648765958722,0.07180406441702979,0.08845193164736292,0.08678377844638269,0.3762498620172131,11.391842268200921,-2.9016263217711833,1.1209694969541832,0.7072358940336801,2.514432944199753e-22,0.004242559720359089,0.2640017267908862,89.21554635912892,39.865917943989274,89.21554635912892,60.05078593380795
56.0,662257.4,3789664.0,0.4847309479195688,0.38595964835239704,0.08248672224008238,0.40224422567948637,0.7057836634026066,0.0182936518696591,0.8254160624307376,-0.2458498195230577,0.12959379668688434,0.06142525331152177,0.07067835940998794,0.0894922620698991,0.08442502230265697,0.2978197220755732,11.678483616784314,-2.7471628701376827,1.5350164341360897,0.7662320095808938,4.123325121474344e-23,0.006709993908219227,0.12677983459367165,81.12989433196886,44.92259790407694,81.12989433196886,59.49061196586398
57.0,765397.3,3789005.0,0.8192916501505528,0.5041485396692948,0.3151302477238466,0.5041614024267063,0.6906364810732307,0.03503484078776629,0.8604030393760773,-0.2429438824113813,0.10652976450975205,0.06198065135154689,0.07305504795972313,0.08994401498286665,0.08443779175105709,0.5652544789994677,11.777461837413844,-2.701056679064854,1.2616360790654901,0.572702446137012,2.207123930504605e-23,0.007666244460549603,0.20893916695933595,87.77991731207015,53.130375014695666,87.77991731207015,67.89180023863759
58.0,845701.3,3813323.0,-0.2548242885910273,0.15681540243058173,-0.4322751791198207,0.17745089052879343,0.672610263641223,0.049128443935485426,0.8594637569187271,-0.23779979058843076,0.09191610686292029,0.06309334846682305,0.07411961763633855,0.09065967060375356,0.08549204162603487,0.7786628088271316,11.59563128260606,-2.6229942046423584,1.0751422601999143,0.4373429672722312,6.955739434423669e-23,0.009569588076427406,0.2839501145177518,80.63624701935758,45.46379723928324,80.63624701935758,61.55188874631678
59.0,733728.4,3733248.0,3.6366449320956815,1.8810213644564995,2.2508628962955033,1.3857820358001782,0.7065974244881651,0.027279115492372445,0.8441467717060362,-0.25119881431720575,0.10521597552753342,0.06169926343056472,0.07188539588825889,0.08907410695690174,0.08459509976804869,0.44213032661357277,11.74295225442184,-2.8201103878453435,1.243759695490934,0.6589994896310092,2.744568971492678e-23,0.005416295750863151,0.21543017573469556,89.22890009406618,47.0509541392949,89.22890009406618,66.67447001316577
60.0,732702.3,3844809.0,-0.4133004107004408,0.13507219953932798,-0.5369543842890735,0.12365397358863267,0.6895898039683308,0.030233662742365768,0.8468872975234779,-0.23870501814161987,0.1210879133295632,0.06200272466431142,0.07256924996691343,0.0903751235882461,0.08475975419695239,0.48761829268074364,11.670057192400364,-2.6412690645843284,1.4286015158585372,0.6264961464922156,4.348592619002797e-23,0.009089357011798372,0.15509268809361607,81.14077020158271,50.478430103555255,81.14077020158271,61.53145913198115
61.0,908386.8,3685752.0,-0.9943795251016235,-0.5966519690898349,-0.3903509252422036,-0.6040285998594199,0.6304827217850265,0.05351776670209163,0.8546317227107081,-0.25038307317808634,0.04561745476485972,0.06420595857576016,0.09083824701206226,0.0899282518118629,0.0988666581707289,0.8335327108144186,9.408280661748382,-2.784253759340366,0.46140383025877896,0.40580267359596855,5.725314248276427e-17,0.006020752251070013,0.6451434807087497,74.49595184780921,36.68461111630164,74.49595184780921,49.17087438425203
62.0,1023411.0,3471063.0,1.576455344673306,1.2169108169067173,0.21107400852964936,1.3653813361436566,0.4099666962862025,-0.026583071012332954,0.3456275794429043,-0.27930299557640165,0.2286332123206455,0.06278635143921521,0.1240274636753174,0.08616309361698025,0.09802860954793233,-0.4233893259121544,2.7867019868091307,-3.2415618317743307,2.3323110811732204,0.6725869964923514,0.005977606661535517,0.0014499918012653905,0.02094598588641762,77.59254445657743,37.418909870127855,77.59254445657743,50.005962519998405
63.0,695325.1,3822135.0,-0.3076496626274986,-0.19666616724570946,-0.20579554826029986,-0.10185411436719874,0.6965712763742021,0.024473793858598963,0.8401499889612679,-0.2417689081347254,0.1254885211897427,0.06170684337435674,0.07199816719421046,0.08999980331086814,0.08444574883917196,0.3966139332411458,11.66904688969397,-2.686327072289613,1.4860253229412088,0.692187340152032,4.376414158497076e-23,0.007996773872291418,0.13926507060135038,81.51235779687725,48.49187117826612,81.51235779687725,61.97166098287359
64.0,765058.1,3421817.0,-0.5717765328098542,-0.28757201398099963,-0.18397704674457033,-0.38779948606528386,0.44963811056780545,-0.059054098995163784,0.19002008683139684,-0.2924657165261269,0.23237905685594598,0.06417354919907074,0.0860306735594005,0.08610437959616682,0.10423949085352813,-0.9202249171535445,2.2087481007596215,-3.396641586616192,2.2292804286858314,0.358858076721555,0.02863168558387189,0.000863081878193516,0.027205616603907575,74.70532346061206,40.45278144073792,74.70532346061206,51.57951919263627
65.0,855577.3,3722330.0,-0.37808349467612656,-0.0897908102348795,-0.5294700331288767,0.15138653845275019,0.6717976309731403,0.05594893104606161,0.8874211420035838,-0.24890809652083384,0.05183570154599605,0.06371651203714276,0.07481360013252347,0.08992162813294102,0.09101619687161977,0.8780915536218754,11.861762305671988,-2.768055935918394,0.5695217261067432,0.3812273643296892,1.295873488805788e-23,0.006313418146576538,0.5698109438582735,81.81932276155581,40.06995445222077,81.81932276155581,57.12647829633631
66.0,772634.6,3764306.0,3.28447577185254,0.950784433729599,3.182700971172741,0.10177480067979916,0.6925243723779041,0.036487209099047097,0.8654274735676599,-0.245703723020175,0.0987849569931683,0.062023069863018095,0.07315081103598321,0.08970611991695286,0.08467094003778389,0.5882844751095265,11.83072971182715,-2.738985068662427,1.1666925742065237,0.5571813373179031,1.576537840225112e-23,0.006871278547975726,0.24509244004692674,89.34207764999275,52.06880859204331,89.34207764999275,68.29131398081971
67.0,818917.1,3839931.0,0.185387161712899,-0.7535837906931517,1.4081528200670947,-1.2227656583541957,0.6767198645033246,0.044560839148389896,0.8559994731069054,-0.23608507928979905,0.10383068413054011,0.06305561541031574,0.07374600457343965,0.09091320322451742,0.08486157950489824,0.7066910513587638,11.607401350868601,-2.596818403887586,1.223529950023461,0.48079937248734095,6.457853468129605e-23,0.010297248010762315,0.22295116841070672,79.0200888569153,47.95710634462716,79.0200888569153,62.25212526178145
68.0,794419.5,3803344.0,0.7840747341262388,-1.0292870767340216,2.6425194944355157,-1.8584447603092769,0.6840801792521056,0.041134416609908374,0.8605316903895561,-0.24033062518542397,0.10197668608749018,0.06255542913748449,0.07288285592325336,0.09039464466837646,0.08476148219650291,0.6575674913763766,11.807052282579427,-2.6586821162592713,1.2031017325897768,0.5117729147566712,1.8308778540497225e-23,0.00865209394018523,0.2307366070126714,84.84323451685995,53.57165409093052,84.84323451685995,66.05278560098276
69.0,873518.8,3689861.0,-0.7302526549192677,-0.48286393092654006,-0.8052793827550238,0.07502672783575604,0.6562557426361906,0.061448572277105276,0.8771951876189774,-0.2525219321247851,0.040449122102762906,0.06545085059738426,0.07822401331167544,0.09039124360097774,0.09702759654572121,0.9388506293845029,11.21388625413381,-2.793654806205738,0.4168826554793875,0.34924045050904196,7.7110914884254455e-22,0.005856604870657081,0.6773300762176027,72.88895760872407,39.29576342852705,72.88895760872407,51.05581607397414
70.0,665933.8,3740622.0,-0.6069934488341684,-0.3771640669477055,-0.2551003618971006,-0.3518930869370678,0.7144312990050847,0.014715823932837708,0.8077967355742016,-0.25153891012524365,0.12633954086387167,0.06112943668437379,0.06967925484180916,0.08877178534671064,0.08467452032529417,0.24073220253638358,11.593073683237854,-2.8335456940831283,1.492060898349503,0.8100747672135551,7.068901922252217e-23,0.005204436246414584,0.1376771685676378,84.42852933999208,42.228630005255326,84.42852933999208,58.60861063320013
71.0,695500.6,3624790.0,0.4671224899074118,0.19619456365545124,0.18542076152831447,0.28170172837909735,0.7155588321845081,-0.0014219373276541615,0.6094978221396625,-0.27045600025701716,0.12476450945809456,0.06222177534558331,0.07478620143034125,0.08713660359738132,0.0979959797233861,-0.022852728321502237,8.149870035950045,-3.10381618162066,1.2731594684829741,0.9817965833935788,1.0472672199252986e-13,0.0022641906380229315,0.20483149005854906,81.58009595606481,36.584710982069765,81.58009595606481,46.161142454576904
72.0,870749.9,3810303.0,-0.3252581206396556,-0.13200668484047418,-0.378311104946836,0.05305298430718042,0.6665789304541619,0.052115643839876026,0.8588545967333714,-0.23747551153774848,0.08435992208347674,0.06319224187809558,0.07523838409869373,0.09062040400691627,0.0863719655994234,0.8247158557914837,11.415112206646695,-2.6205523374142543,0.9767049006933787,0.410776263740269,2.1714589715556044e-22,0.00963545690314187,0.3302083195785802,78.96750146073711,40.76537185666314,78.96750146073711,57.50963118176815
73.0,675280.4,3685569.0,-0.9239456930529953,-0.37819222852468215,-0.5564608123369136,-0.36748488071608176,0.7282922574419958,0.008636311988879748,0.7509800868159193,-0.25931855443336904,0.12086145784147659,0.060978240861371734,0.0703428897747553,0.0878633395827652,0.08726882479446531,0.14162940529087395,10.675991407527183,-2.951385135880216,1.384932799612328,0.8875531631590237,2.254189096713322e-20,0.003645687416492096,0.16802542166596374,86.27461217956473,35.61576128503738,86.27461217956473,53.54161214609469
74.0,763488.4,3699716.0,-0.043522792445142795,-0.45350482698078637,0.3177300608838447,-0.3612528533289875,0.7076728704914577,0.032277584227614925,0.8402969454736056,-0.25659300639920946,0.08221516062365959,0.06225507403474633,0.0725389418654128,0.08875808854263614,0.08736091473873309,0.5184731482224225,11.5840805485235,-2.8909253298751647,0.9410977537212986,0.6048535276202995,7.481613026319803e-23,0.004382082292712158,0.3480913903859306,88.31811960253846,41.81092781502129,88.31811960253846,62.176342151159474
75.0,814118.9,3590553.0,0.8897254821991811,-0.02518244558144933,0.7012014867483002,0.18852399545088094,0.585414520538889,-0.004326305351887834,0.4601154320750199,-0.27356146281915317,0.132925445427554,0.06294035797704171,0.09080268490062048,0.08685891451622671,0.09960402352208349,-0.06873658636428329,5.067200739478088,-3.1494920739315395,1.3345389144654656,0.9452862083146155,1.1155792739376272e-06,0.0019562527272589825,0.18394733248903064,81.73171185305623,35.646405173224636,81.73171185305623,49.63186501910626
76.0,855461.8,3506293.0,-0.4661257847369118,0.37211550413036476,-0.5340335579034894,0.06790777316657759,0.44372349232818353,-0.0351274991045332,0.2892278628852545,-0.2826756334016667,0.21529885604310592,0.06182553259756485,0.10112261552931764,0.08545255497838669,0.0961345768316005,-0.5681713950316505,2.8601699171972172,-3.30798340053335,2.2395569121841166,0.570725172501467,0.004806777441973226,0.0011636357548837513,0.02651539201174245,90.56668624103634,42.19562428525789,90.56668624103634,62.50909609479173
77.0,815753.1,3783949.0,-0.3428665786518126,-0.1409221202018618,-0.23269891456743938,-0.1101676640843732,0.6813565864493916,0.04640483977507957,0.8680958965051179,-0.2417796759514139,0.09174373153351707,0.06293131627456608,0.07361942984712593,0.0903834779568708,0.08512993410875609,0.7373886726382404,11.791668290664003,-2.675042844299335,1.077690620743482,0.46197967137192,2.0177126985907006e-23,0.00825864591100728,0.2828144691596685,84.68538135058242,50.0899606256107,84.68538135058242,66.53998190737005
78.0,807249.1,3695092.0,-0.025914334432985495,-0.17101938986550178,0.03804159988249882,-0.06395593431548431,0.6914470584975462,0.044832281878950886,0.8750632275437253,-0.25654836949237025,0.05744228776132684,0.06317837641501621,0.07401630024657571,0.0891475598032718,0.09059548888634578,0.7096143399515276,11.822574549505523,-2.8777946368752394,0.6340524066644154,0.47898922573145664,1.6598826744971598e-23,0.004559016240313246,0.5269635111092552,84.82281111589558,39.818597250304585,84.82281111589558,58.51423769606811
79.0,915741.9,3530869.0,-0.4661257847369118,-0.09874235264600428,-0.27600483607997495,-0.19012094865693685,0.4356999016793327,-0.021602993104764937,0.3443867069173137,-0.27693109809429034,0.19853745703296427,0.06133765673353406,0.1171145124535332,0.08567521373077969,0.09375404345541066,-0.35219788715786254,2.940598049741734,-3.232336238629073,2.1176415407340645,0.7251591880477779,0.0037681229525826344,0.0014945930906772843,0.03577060460369055,91.42155553726965,42.653575366200066,91.42155553726965,60.740768932822526
80.0,924108.1,3668080.0,-0.83590340299221,-0.2484387158756175,-0.7505360734662758,-0.08536732952593418,0.6064289630993093,0.045737125458604554,0.7903501363488004,-0.251615816796382,0.05392419633547303,0.06407603521665187,0.09886397165468519,0.08982064947236827,0.10108442034090552,0.7137945614762155,7.994319094415478,-2.801313709870102,0.5334570466310692,0.47640730552293875,2.5812394811265987e-13,0.005725898131722143,0.594466866027837,73.04605434839142,37.2791461001613,73.04605434839142,47.200237197445944
81.0,970465.7,3640263.0,-0.5717765328098542,0.11606043883576034,-0.6635415084966271,0.09176497568677289,0.5495099232805521,0.02485550332672343,0.6150077299555636,-0.2563801117085184,0.08742085949104214,0.06282323461097471,0.11522858382311091,0.0887507893929354,0.10039852938805184,0.39564189078512324,5.337284461463755,-2.8887642967705967,0.8707384463088148,0.6929029318676547,3.2264865010789836e-07,0.004410763048249383,0.38521802311256903,75.88604766914801,35.49821543332395,75.88604766914801,47.82539887600061
82.0,908636.7,3624562.0,-1.0648133571502516,-0.6117497119968632,-0.4828081600626619,-0.5820051970875897,0.5632757668350228,0.018677811086647296,0.6289711700407615,-0.2612617170398917,0.08296055759768081,0.06170966266768193,0.11403835068851481,0.08763810664125081,0.10022906724496011,0.3026723900150095,5.515435520097427,-2.981142873263731,0.8277095644811797,0.7625376473436825,1.3920791256277717e-07,0.003326618513574551,0.4090834278573604,83.81312432877388,36.303859659975906,83.81312432877388,49.15426833079756
83.0,821367.1,3660143.0,0.185387161712899,0.027555649050969994,-0.05468465297770982,0.24007181469060884,0.6782102360831368,0.04594796308053322,0.8193155455751303,-0.263558981583349,0.05477538753527198,0.06509402442478625,0.07293445190353666,0.08932556613724017,0.09582393770669444,0.7058706768641168,11.233587477407243,-2.9505436459077785,0.5716253041378122,0.48130803653436804,6.811956679794799e-22,0.0036551055259456153,0.5683881432329901,74.46111777068715,37.42475256292559,74.46111777068715,52.469650218487
84.0,766461.7,3663959.0,-0.16678199853024203,-0.060492404068521466,-0.32578825793548233,0.1590062594052403,0.7059306920720692,0.026582980313112656,0.7649594253875471,-0.26384833937957014,0.07238353917471306,0.06267059373737403,0.0706579350521233,0.08808135572957751,0.09387689007588233,0.42416991331709236,10.826235225006902,-2.995507246614399,0.7710474762873395,0.672018860114856,8.799462400982747e-21,0.0031819737008113667,0.4418303130281921,85.38959002714998,39.065530688330114,85.38959002714998,52.223148775261905
85.0,873804.3,3439981.0,-0.9767710670894664,-0.4777061758875112,-0.3696177275458999,-0.6071533395435664,0.4125330634612042,-0.04656579598689341,0.22242849106001014,-0.28775556123616397,0.24029233425225205,0.06275227192219625,0.09258852652217325,0.0854516739797974,0.09689133083704744,-0.7420575313134203,2.40233319845243,-3.367465467138719,2.480018926114014,0.45915415951952776,0.017450930577784563,0.0009528750403684366,0.01418639703518148,84.50019067630328,43.519914763808856,84.50019067630328,60.73398975557556
86.0,884830.4,3599291.0,0.185387161712899,0.4613443416039399,-0.27334191679263314,0.45872907850553213,0.5290418514464672,0.0039970913869852775,0.5250964601691362,-0.2674287673045537,0.11315104220564187,0.06109037225346644,0.12154700776844833,0.08663998595733842,0.09816441136294496,0.06542915421109537,4.320110135244669,-3.086666789584151,1.152668677320201,0.9479150248603133,2.74656269904938e-05,0.0023909589068930384,0.2507873358706085,88.62238066442006,35.818941178880124,88.62238066442006,50.1867537860258
87.0,770455.5,3520161.0,0.4847309479195688,0.43186180297093124,0.03774080577731402,0.44699014214225474,0.5263512018958796,-0.04009188186761856,0.2744535981792507,-0.2852655847830477,0.19526680932881801,0.06366936908528788,0.08342638584516575,0.08627585129777839,0.10340743710534558,-0.6296886940078478,3.2897697221190874,-3.306436047770337,1.8883246195328423,0.5298077879473992,0.001236404457624323,0.0011696590089685193,0.060815342441875836,80.87006363347604,42.89841651375892,80.87006363347604,55.54825245750091
88.0,1014742.0,3537225.0,0.4319055738830978,-1.1077055646203804,1.0783602281958433,-0.6464546543127455,0.43977906622771534,-0.012740018280296871,0.398924849521465,-0.27254576673402625,0.19205541875845156,0.062353365803984304,0.11921404550781536,0.0866648559068417,0.09984810379453143,-0.20431965646163722,3.3462906809526274,-3.144824552953654,1.9234758744509097,0.8383666603405369,0.0010234343334470884,0.0019858398937194067,0.056218408169953715,80.05604063151026,40.5032812832009,80.05604063151026,49.11216220354467
89.0,919396.5,3752562.0,-0.4837342427490691,-0.31738413820061606,-0.4669495563909134,-0.01678468635815572,0.6456504803195481,0.06160045788096404,0.8650579836641149,-0.2414762797346579,0.05049265778426452,0.06435032104239513,0.0803011581827405,0.09060599662804612,0.09298042582345376,0.957267296932063,10.772671319329064,-2.665124701690125,0.5430461017691752,0.3398948053994123,1.2308193081514126e-20,0.008495184951334936,0.5878633297098126,73.47508309570313,37.187287810074835,73.47508309570313,47.52397566039992
90.0,1004544.0,3517834.0,-1.0119879831137806,-1.1056139089568098,0.020100468623696313,-1.0320884517374769,0.42803607468006655,-0.018167211136296584,0.37525694259909187,-0.27518169663943964,0.20414618605698545,0.06229783984808257,0.12007674929018262,0.08633631101681098,0.0978111172140017,-0.2916186368676432,3.125142417806713,-3.1873228471142068,2.0871470633581706,0.7709607395484254,0.0021152216905814727,0.0017310956800965437,0.038480261606795345,81.55909940995346,41.05175213072056,81.55909940995346,52.232752252095565
91.0,864781.1,3419313.0,0.9425508562356524,0.7253122312271381,0.0566221309268543,0.8859287253087981,0.40999070314314345,-0.0507087976991351,0.2073347381756072,-0.2895494645339101,0.2418140706436305,0.06312352708316972,0.08918521183794116,0.08551963880148883,0.0975303847465447,-0.8033264306083953,2.324765887783684,-3.385765756167685,2.479371646815917,0.42299293874154364,0.021357097996682894,0.0008955852838029145,0.01421118074293307,81.63170506375623,43.00519258513206,81.63170506375623,59.4963426915554
92.0,772600.0,3832429.0,0.026911039603485478,0.3448582986659651,-0.25553315280176186,0.2824441924052473,0.6851194823886396,0.03666250757729505,0.8547704968005712,-0.23831104430828084,0.11201502015658275,0.06237440874806128,0.07309344235585932,0.09053038869868625,0.0846118617254935,0.5877812441538308,11.69421591391298,-2.6323872871180893,1.3238689927423344,0.5575182689807983,3.7334871028779444e-23,0.009319973575563113,0.187458714745012,82.49142096931439,51.89985908816704,82.49142096931439,64.32070912297189
93.0,917730.9,3716368.0,-0.09634816648161376,0.3212235844403226,-0.6302497645998028,0.5339015981181889,0.6377143968502124,0.06201308349118185,0.8637199753589483,-0.2455042557081705,0.044354295671357444,0.0649278073697677,0.08455415305631118,0.09058792562074443,0.09639170482431071,0.9551082348740605,10.214991743619382,-2.7101211781358043,0.4601463969560476,0.34098198339141794,3.9895735307485636e-19,0.007469033664524553,0.646043752914812,72.04032845332488,37.202320638179664,72.04032845332488,48.10270636936889
94.0,1030500.0,3500535.0,-0.39569195268828383,-0.061293351752893854,-0.1971850499235551,-0.19850690276472874,0.4222484848376016,-0.02032261086686668,0.3701992820328927,-0.27623063157633687,0.2117311888797027,0.06268069197589869,0.1223928464384866,0.08643762251711293,0.09854613105360147,-0.324224417858707,3.0246807130100626,-3.195722227571087,2.1485489751448212,0.7461969580953989,0.002905856703551786,0.0016844840331946118,0.033193518846914453,77.67575283366521,38.254630127248085,77.67575283366521,49.56905795957975
95.0,777055.3,3584821.0,-0.14917354051808504,0.01613789434138682,-0.18761055410878108,0.03843701359069604,0.6251704547818555,-0.010444611457314979,0.4471129930238224,-0.27763424036231815,0.14172700335430302,0.06512347018528275,0.08519631941142168,0.08736088093754898,0.1002721231766163,-0.16038167848855445,5.24803179424534,-3.178015576111102,1.4134237798542408,0.8727852869941032,4.883870203681407e-07,0.001784142428681753,0.15949828164516766,74.6064828045779,38.46044347155835,74.6064828045779,52.817989323449815
96.0,848638.8,3785405.0,-0.21960737256671334,-0.0004843837920794347,-0.14400297202282025,-0.07560440054389309,0.6730718917621754,0.051199168424975156,0.8666138032470676,-0.24056367977456636,0.08223525196177495,0.06314937537249435,0.07422291772900111,0.09042791710791588,0.08622179339811999,0.810762863812517,11.675825065395614,-2.6602811108374835,0.9537641090583954,0.41872142240163934,4.1931088675183285e-23,0.008612908385186168,0.3416599410412675,82.53045939511138,45.014506656046905,82.53045939511138,61.84130848403933
97.0,732876.8,3584393.0,-1.1176387311867229,-0.507019996905484,-0.5021106492817834,-0.6155280819049395,0.6622460903285736,-0.013129749809821574,0.46137055208490296,-0.27988120652297266,0.14485059471313286,0.06540635165007634,0.07915890970393993,0.0873129579323777,0.10091831308115201,-0.20074120446383664,5.828409635888901,-3.2054945010537335,1.4353251683532733,0.8411591114792574,3.051930075950393e-08,0.001631721450434781,0.15317110563685954,72.72580477724784,39.90046804991274,72.72580477724784,51.911604470071765
98.0,715359.8,3660275.0,-0.7478611129314248,-0.44456679372016317,-0.47602679605524345,-0.2718343168761813,0.7245034613090249,0.011198449542290639,0.7167095808490732,-0.26384638215127176,0.10253388685876108,0.06148626400425992,0.07080332518214702,0.08755374412351087,0.09257763571526438,0.18212928893378175,10.122541264909275,-3.013536254703937,1.107544884534733,0.8557147265414671,7.079755859779228e-19,0.003008619673525846,0.26974165228541724,87.71857676450621,38.743462904395265,87.71857676450621,50.80895623222064
99.0,716369.8,3451034.0,-0.4837342427490691,-0.0011388736848415015,-0.2937374056525689,-0.18999683709650023,0.49580723469747756,-0.06074874233858659,0.20924857620048604,-0.2924873029248936,0.21203392013086936,0.06584340738711748,0.084791570612766,0.08700480710363558,0.10556047325554316,-0.9226245230812936,2.4677992716528605,-3.3617372724761982,2.008648820828729,0.3576096601233313,0.01466083105843432,0.00097150008255398,0.046277767632523045,67.36445237793768,38.76079751371712,67.36445237793768,49.360787869140594
100.0,766238.6,3453930.0,-0.5541680747976973,-0.07863653750259814,-0.2580642766158165,-0.29610379818188076,0.46713235418093324,-0.05444085367496776,0.20649362301503124,-0.2905455685921409,0.22363817498990257,0.06388515588061337,0.0848258052580006,0.08608075444305983,0.10410980379467376,-0.8521675015821385,2.4343255261411763,-3.3752674505696767,2.1480990919065,0.3954109719889991,0.016033555880088767,0.0009280438045435596,0.033229848418287834,77.87055148949449,42.433510835756096,77.87055148949449,53.942749008991754
101.0,790338.7,3660608.0,0.34386328382231257,0.0728358525826926,0.12642055211505193,0.21744273170726064,0.6941727503237615,0.034996466777343124,0.7806095151417526,-0.2647850414835871,0.0628490278684653,0.0637942512562955,0.07098140289857306,0.08852231510930181,0.09498615725765891,0.5485833925182956,10.997380768272265,-2.991167155497991,0.6616651276667755,0.5840657181191451,3.007313547591789e-21,0.003225055118444429,0.5091496662357042,80.57875252928373,38.4210019879326,80.57875252928373,51.72378793810455
102.0,920887.4,3568473.0,-0.14917354051808504,-0.02305435375871126,-0.09069478683381116,-0.05847875368427388,0.469151832850913,-0.008493802237162805,0.4119146319565062,-0.2713130097319935,0.1610738917731478,0.061088133601218224,0.1143076741671828,0.08615420376289398,0.09573883170476781,-0.13904177024968759,3.603560609185809,-3.1491557913839854,1.6824300955526104,0.8895942077012358,0.00042014657345855114,0.0019583706711098392,0.09446065912646462,90.49822060596608,41.36612889527068,90.49822060596608,55.05133942524381
103.0,825920.1,3717990.0,0.009302581591328487,-0.19183979749888846,0.00940898640144586,-0.0001064048101173734,0.6837643060947134,0.05070334122131326,0.8877319362145986,-0.25134238150643035,0.05831111754247871,0.06333272626382841,0.07405350507917724,0.08967162001655496,0.08947649591433395,0.8005867457859895,11.987709903338738,-2.802920048283148,0.6516920108081411,0.4245730947177909,5.846748262616998e-24,0.005698823577646143,0.515546702171602,84.6076026825644,42.507279956745776,84.6076026825644,59.688131999732974
104.0,707834.3,3854188.0,-0.9591626090773094,-0.7228747986081427,-0.33503208743634993,-0.6241305216409595,0.6919494028659112,0.02704257450174471,0.8406985640117421,-0.2387252431666542,0.12582009819476436,0.06193437084833601,0.07208058922648725,0.09036937609590831,0.08481288430777398,0.4366327473958874,11.663314257464659,-2.6416608532662322,1.4835021733040112,0.6629738090113297,4.5376797325346086e-23,0.009079303629584288,0.13993309126530082,78.87916497786108,48.74573271384762,78.87916497786108,59.411600899830816
105.0,700833.7,3598228.0,0.9953762302721237,-0.24292801530485064,1.0539221090579998,-0.05854587878587603,0.6924922527409536,-0.009646854279992238,0.5165875395054671,-0.2761431201448815,0.13824765487871174,0.06361726674074947,0.0766072410237058,0.0870726910655249,0.09946050131314892,-0.15163893034425246,6.743325207934472,-3.171409046460678,1.3899754480770454,0.8796651733959654,2.756126048733296e-10,0.0018227073886354246,0.1664915338204792,76.2515826821375,37.519836968830035,76.2515826821375,49.508671210473665
106.0,793263.9,3719734.0,-0.2548242885910273,-0.290710160089054,-0.058394717219674284,-0.196429571371353,0.6943098656692863,0.041262755852193425,0.878657816734412,-0.25205601550134654,0.07405262458181533,0.062476862826719735,0.07433660281471201,0.08928642830442478,0.08713078820822344,0.6604485882499596,11.819988854272962,-2.8230047980187307,0.8499019245050995,0.5099277346358968,1.6872167321395656e-23,0.00537000086882758,0.39666563437757674,88.63933450228089,43.78302509656541,88.63933450228089,63.57519061068993
107.0,830735.9,3750903.0,3.073174275706655,2.8018357242685603,0.24520868558471276,2.8279655901219423,0.6800688149862434,0.04957031449188376,0.8794923740592654,-0.24563574657584966,0.07371238163146775,0.06294215432450515,0.0742218273434563,0.08996658153469218,0.08691496944884394,0.7875535088347723,11.849511195533845,-2.7302998778621994,0.848097653360542,0.43213776621536804,1.4001554895485288e-23,0.007046413064015967,0.3976665613005017,85.94560724842238,44.476587853989486,85.94560724842238,63.349598286369044
108.0,863291.8,3756777.0,0.3262548258101556,0.42875036463379723,-0.21229874079895883,0.5385535666091144,0.6691924677755511,0.054952685262373714,0.8746658847657663,-0.24348767215672287,0.06699326100275954,0.06340000315355983,0.0746764621944995,0.090212196863508,0.0881415310175495,0.8667615540850047,11.712738646986844,-2.699054901912236,0.7600646395559069,0.38738705155606956,3.321443973000293e-23,0.007710426060955121,0.44834859582110986,82.13322487639182,42.65498058178425,82.13322487639182,59.65591186402101
109.0,695329.2,3758093.0,-0.5893849908220113,-0.6153074706980289,-0.09740627804824423,-0.49197871277376715,0.7081066927611568,0.021355890425396915,0.8327653451880923,-0.24861255182186567,0.12031084625947562,0.06143928889335512,0.07101647118375876,0.08922021375806732,0.08426089598565907,0.34759338543885115,11.726368986052114,-2.7865047767763955,1.4278372529999221,0.7286081834804077,3.047549829574265e-23,0.005981071689161235,0.1553122746675047,86.12163131196053,46.7541563659249,86.12163131196053,63.908305798729664
110.0,798061.4,3609091.0,0.7488578181019245,0.49269203976084525,0.18188190579302527,0.5669759123088993,0.6427709988828898,0.009133331948610744,0.5527704238443883,-0.2725532946599895,0.1110899529827107,0.06514505933887872,0.07807719685897209,0.08795060327118408,0.09884375989725876,0.14019991755783004,7.079793410652752,-3.098936045038911,1.1238944481490891,0.8886806056275678,4.461018972014715e-11,0.0022996168463298118,0.2627624789587942,73.49985590568467,37.841527693061195,73.49985590568467,49.80961633807654
111.0,733846.7,3812828.0,-0.3428665786518126,0.09668123543977686,-0.5669469228148796,0.224080344163067,0.6929984694190658,0.03005669876408148,0.8467867367893157,-0.24143127359338923,0.11743625538389152,0.061888013528879814,0.07193737329658767,0.0900857221184541,0.08441974160749592,0.48566268410046204,11.771165640120513,-2.6800170761347752,1.3910994412883153,0.6278791505674852,2.2966563635555544e-23,0.008142269172522382,0.16615108719052496,84.57129940774965,53.29491602801562,84.57129940774965,65.2258410261118
112.0,953533.8,3482044.0,-0.8182949449800531,-0.290550965108366,-0.4243167678511566,-0.3939781771288965,0.41284603785899465,-0.03014337202972671,0.3160214111237868,-0.2808038487544442,0.22900395672720383,0.06214368119717628,0.12050043106785109,0.08567108793981605,0.095266499148339,-0.4850593246010727,2.6225749428717164,-3.277696776206565,2.4038246264368643,0.6283061124348404,0.009580868668730766,0.0012869537938200687,0.017382467949342843,85.98505174470564,42.11256856655595,85.98505174470564,58.116246213258734
113.0,744180.8,3665561.0,-0.2900412046153413,-0.36634206914401984,0.010721303723248067,-0.30076250833858936,0.7156517414678716,0.019826509109108537,0.7496488595268599,-0.2632355613712848,0.08515040475268207,0.06199525241142055,0.07060065736910791,0.08784143587290247,0.09271442970880531,0.3198068938817026,10.618156933123359,-2.996712869677581,0.9184158821892116,0.7495372123473709,3.2361808147076926e-20,0.003170100545440036,0.3598010698070496,87.59707804281189,39.15203024837761,87.59707804281189,52.62250401020399
114.0,668031.4,3764766.0,-0.7302526549192677,-0.6275328437936852,-0.0950288007016402,-0.6352238542176275,0.7090124759634193,0.017277477504769538,0.8209804705054262,-0.24849498333160466,0.12724681775726918,0.061277501199691324,0.07027476377777102,0.0891554136232387,0.08447904952162662,0.2819546679696621,11.682436572844303,-2.7872113787920725,1.5062529523925814,0.7783472425602854,4.0217045365919884e-23,0.005968664969956442,0.1339989133920932,83.46901695909048,44.43297716632369,83.46901695909048,59.81697825103922
115.0,833819.6,3567447.0,-0.043522792445142795,-0.1353794658707051,0.05251631602281478,-0.09603910846795757,0.517799617884108,-0.015810766160736768,0.4099667190990017,-0.2758531747649445,0.16526553330865984,0.06165554826896634,0.1061731541945625,0.08604619282963978,0.09913306557805099,-0.25643703777904686,3.8613030027132558,-3.205873097849869,1.6671080667685032,0.797946987019067,0.00016412156253658013,0.0016297085555149551,0.09747389387248864,88.46529330941542,35.0211085644425,88.46529330941542,50.91859221584035
116.0,840169.1,3695254.0,0.13256178767642773,-0.43628777845875316,0.691125732229303,-0.5585639445528752,0.6766733975816119,0.05336817443134961,0.8901576120941577,-0.25477431654071614,0.0478296312878634,0.0639544375120441,0.0747083722564432,0.08957933689945739,0.09273781988419648,0.8344717975402277,11.91509847167613,-2.8441192507003183,0.515751085669139,0.4052750826351398,9.251356788465411e-24,0.005043048847965251,0.6067492141895148,80.70363113495002,38.84584957322072,80.70363113495002,56.583484785867356
117.0,686875.4,3524124.0,-0.6422103648584825,-0.13179485249076783,-0.40060469165870133,-0.24160567319978116,0.610638867919839,-0.04190057119295908,0.31719260434906404,-0.2871861780531687,0.17717296307700053,0.066619985976807,0.07868047862078248,0.08750195282281073,0.10439751849696575,-0.6289489644676042,4.0314015612162475,-3.2820545003688495,1.6970993719754934,0.5302907248169089,8.602300164199977e-05,0.00126848996734334,0.09164685544263604,64.72187254780367,38.950904046468295,64.72187254780367,48.476899736961855
118.0,824645.5,3864805.0,0.11495332966427074,0.1841162472000928,0.06248648479997329,0.05246684486429745,0.674501716446982,0.04403005898110617,0.8521346331807667,-0.23414227233540177,0.10678901532757733,0.06305734827965383,0.07384865208453684,0.0910511583740044,0.08489396908960754,0.6982542111640456,11.53893279196622,-2.571546331938273,1.2579105026278021,0.48604462916536695,9.946971149932469e-23,0.011046564410870433,0.21028000589474316,76.13376299982588,45.591054805369,76.13376299982588,59.41841411346624
119.0,712437.1,3519627.0,-0.8711203190165242,-0.2772688649107862,-0.44678797058681086,-0.42433234842971335,0.5854511410785326,-0.045589359939263795,0.2956967740515257,-0.28782279358615326,0.1818623770588311,0.06690578728712711,0.07988215459412233,0.08756427980271307,0.10393579996491958,-0.6813963602822044,3.7016624746033435,-3.286988646907542,1.749756841436861,0.49661823851445075,0.0002954247745789669,0.0012478819673470032,0.08210172123974845,66.39196318840187,41.48422203882812,66.39196318840187,52.30390529289072
120.0,954272.3,3697862.0,1.1186354363572228,-0.01776746375979621,1.36574278330591,-0.24710734694868708,0.6074086179728249,0.05235306133575116,0.806509374860049,-0.2469450880322528,0.053353802645413353,0.06430294602108717,0.09882389810951532,0.09027547769238049,0.09930288201069454,0.8141627184325703,8.161076321501568,-2.73546143808548,0.5372835265714379,0.4167770991662728,9.811182964490971e-14,0.006941850083935755,0.5918276439651469,70.40106804960311,34.089398099351286,70.40106804960311,44.86026854675386
121.0,777759.0,3729605.0,1.2595031004544794,0.40998078213730693,1.017429436274635,0.24207366417984444,0.6970628136863952,0.037598228498200076,0.8679492571874079,-0.250764726487392,0.08490564650676245,0.06220552418884454,0.07332306790662708,0.08931693917868198,0.08591130069213687,0.604419446479685,11.83732871478719,-2.8075830720724486,0.9882942735440803,0.5464317614080625,1.512168083265314e-23,0.005620888114308379,0.3245196009726192,89.55173558962171,47.46601854983986,89.55173558962171,65.38163814169937
122.0,752973.1,3570222.0,-0.518951158773383,-0.17561927683360007,-0.2733651713120117,-0.24558598746137134,0.6243733601349457,-0.020481632917193706,0.4071096720774256,-0.2810177478694025,0.15503400438103895,0.06547520940022088,0.08091513773177349,0.08723750053283373,0.10154578421837113,-0.31281508077352727,5.031316555709985,-3.221295270416824,1.5267399387811416,0.7548336658102319,1.3113269646732534e-06,0.0015496473937047987,0.1288250423578947,73.51555449751373,41.705695022660045,73.51555449751373,53.74962131223904
123.0,1004028.0,3641918.0,-0.4133004107004408,-0.22242629256682878,-0.2558529172638412,-0.15744749343659964,0.5330175186925658,0.024048543991216472,0.591543038944874,-0.2557086586461048,0.0962775572674184,0.06336567162109066,0.11676652155672995,0.08914198335320252,0.10031817726585608,0.3795200678218984,5.066032892462916,-2.868554737366837,0.959721955596048,0.7048113076343999,1.121477546580665e-06,0.004687412226410011,0.3386615102821763,71.48411496091163,33.710408296877944,71.48411496091163,45.74346337574232
124.0,704495.6,3422002.0,-0.5541680747976973,-2.205154052584255,0.3156444004591948,-0.8698124752568921,0.4823848838546281,-0.0653888556516202,0.19218837883383125,-0.29426576121137094,0.21799903980410196,0.06614204238564915,0.08650383077248168,0.08710001198834792,0.10597616467135264,-0.9886125872914929,2.2217325766683804,-3.3784812940179303,2.0570572683031925,0.3243642688286029,0.027722492818752453,0.0009179922472104043,0.041324725736937205,63.733730836548574,35.44733755754804,63.733730836548574,46.27079018697302
125.0,754916.2,3685029.0,0.026911039603485478,-0.033902137476977234,-0.06664275719241196,0.09355379679589744,0.713061369439103,0.02743241580250726,0.8062839575908618,-0.25950772105565073,0.08143805993773459,0.062148403041631585,0.07120188858315886,0.08836746336661343,0.08923683765988927,0.4414017812192375,11.323912520230108,-2.9366885861487417,0.9126058483618799,0.6595256156072888,3.857417408913775e-22,0.003813419599746565,0.36284027109975125,88.00512451153791,40.64901198639566,88.00512451153791,58.039539757475325
126.0,842085.9,3827075.0,0.37908019984662655,0.490382321629384,0.00920360110416274,0.3698765987424638,0.6728620358880385,0.04771026260991816,0.8567152925765424,-0.2367043374619426,0.09623513111422895,0.0630261568502364,0.07414651765497061,0.09074016448818555,0.08525140021865847,0.7569914618669822,11.554356423900241,-2.6085949788283855,1.128839301963354,0.45018234203677865,9.024788449166826e-23,0.009963931922515526,0.2606766687995766,79.75270840245452,45.20027288879238,79.75270840245452,61.185095897996156
127.0,703256.8,3552857.0,-0.518951158773383,0.07851205837747999,-0.4617861846004957,-0.05716497417288735,0.63796161899874,-0.03108446144467558,0.37323163206029136,-0.28463518259668286,0.16244387675917238,0.06689276230594268,0.07773416358330729,0.0876220434206465,0.10197589478190115,-0.46469095269988675,4.801384807598798,-3.2484426462213034,1.5929634852098713,0.6427925136901913,3.6283239446712377e-06,0.0014175360757045614,0.11316698017346147,65.83752164783215,39.998231297924505,65.83752164783215,52.25973150932977
128.0,763457.1,3551752.0,0.8721170241870242,1.149863034989911,-0.205995471356437,1.0781124955434611,0.585029981278101,-0.029072448645843546,0.3452981317470021,-0.28235356693794705,0.1701106301903857,0.06437817372245447,0.08302654123185564,0.08673587754885716,0.10210394038976625,-0.45158858918831624,4.158888550863998,-3.2553261109153024,1.6660535287963838,0.652184654040068,5.2321102725450626e-05,0.0013857454072453352,0.09768410045121541,77.81744559092893,42.039434422220594,77.81744559092893,55.34637374017143
129.0,734217.9,3623162.0,-0.6774272808827967,-0.5017703516421593,-0.3660015599039328,-0.3114257209788639,0.7014861500417681,0.004625073690196032,0.613626366453149,-0.27179890921810873,0.11515922013939771,0.062866926347667,0.07428526046077746,0.08718756618351922,0.09838335820145207,0.07356926700405911,8.26040539734182,-3.117404477675235,1.1705152400225554,0.9414461814336121,5.494391141907973e-14,0.002168191595274846,0.24355612298903498,82.24933818145259,39.59476350434437,82.24933818145259,49.08089343466358
130.0,884376.9,3717493.0,-0.9415541510651524,-0.5738267234368446,-0.5332778311969134,-0.408276319868239,0.6569235151889692,0.062006093110973666,0.8783008156821897,-0.24761240848250154,0.04338826097637005,0.06473055810281872,0.07741310809964616,0.09038396379707742,0.09431252936296013,0.9579106828104667,11.345634314948843,-2.739561290301678,0.46004768687086195,0.3395712680380385,3.3641552524870497e-22,0.006859800041775307,0.6461144475892917,75.86484319163323,39.953642861215386,75.86484319163323,51.69251568732084
131.0,963427.8,3560039.0,-0.7830780289557389,-1.0937111162591,0.21494543632619276,-0.9980234652819316,0.4550257812506616,-0.008989164218004445,0.405288334688153,-0.2710601879413135,0.17060643688368493,0.06159973847988608,0.11653325933087301,0.08642380400968346,0.09707449575646718,-0.1459286100855711,3.47787693414991,-3.1364065843588906,1.7574795063750717,0.884163756921538,0.0006530279987595697,0.002040251564004087,0.08077284144281026,86.57045605156065,41.834511278807256,86.57045605156065,54.17658597599925
132.0,759410.8,3608179.0,-0.6774272808827967,-0.04571760870852748,-0.5645528601792285,-0.11287442070356823,0.6753187083295031,0.0029379628483732776,0.552769713105719,-0.2753334077590385,0.12205698323254974,0.06442129598858988,0.07726744706812635,0.08736200211954959,0.09920389013515193,0.04560546017102235,7.153979251033679,-3.1516380243010165,1.2303648885770864,0.9636823066551655,2.9684835390524227e-11,0.0019427872173988228,0.22038914663996867,77.11442781860049,39.331721988291775,77.11442781860049,50.84329451247259
133.0,882069.4,3534470.0,-0.4133004107004408,0.42550289105962663,-0.5462587115195036,0.13295830081906274,0.4499642771401643,-0.023771746420230947,0.3369319723016523,-0.2780001131943787,0.20094357168379562,0.061231602910324985,0.12349840061452876,0.0855573156102309,0.09458936874732754,-0.3882267536756336,2.7282294396127953,-3.249285127888416,2.12437797550555,0.6983708233858074,0.007088755737816288,0.0014136090149106323,0.035194685345097586,92.5619455312713,37.6807646225844,92.5619455312713,59.074912439536405
134.0,743031.8,3522636.0,-0.3076496626274986,0.17304440647719355,-0.2839738393206101,-0.0236758233068885,0.5613680625707639,-0.04178166060698822,0.2871456721977133,-0.2862632025879495,0.186289158388368,0.06499533529595022,0.08112253683332961,0.08681631466334283,0.10366086908490088,-0.642840911839893,3.539653509451618,-3.297343404843016,1.7971020311993762,0.5212591200321759,0.0005265199208287305,0.0012056448317771245,0.07422938947542455,74.70981277975928,43.42499072808074,74.70981277975928,54.73011923888009
135.0,795506.2,3421725.0,0.4319055738830978,0.6509694266353179,-0.10799436516317551,0.5398999390462733,0.43114841225430967,-0.05727677827048169,0.19175065409854378,-0.29180493988382716,0.2380865735589321,0.06379978457110386,0.08572628887881811,0.08587474405953233,0.10235435199514799,-0.8977581767011709,2.2367777330195726,-3.3980298058476257,2.3261011272898133,0.3706804609027876,0.026700533730617582,0.0008590134504016537,0.021283832759629424,77.6483197527906,42.24191027762899,77.6483197527906,54.50922503621763
136.0,831682.3,3487715.0,0.5375563219560401,-0.015996356097438547,0.13808291938551215,0.39947340257052794,0.44523735466352365,-0.04275927526674318,0.2486424546531312,-0.2857046458099267,0.2228839827427252,0.062456296923776945,0.08794328167382284,0.08555718979340986,0.0986407167658978,-0.6846271292537173,2.827304711863419,-3.339341164661926,2.2595535601357364,0.49458228682099625,0.0053018912603058094,0.0010476360290321153,0.025215971331055676,87.39365982867781,44.7598199288897,87.39365982867781,61.266640993921094
137.0,941734.4,3567586.0,0.07973641363995676,0.49725311376197756,-0.29714287244979737,0.37687928608975413,0.46536690712259976,-0.007602499933204363,0.412760332547754,-0.2706630039703932,0.16287194158673082,0.06130817571428359,0.11476452036186903,0.08632497565053739,0.09667150883010218,-0.12400466731606126,3.5965848264451536,-3.135396238813863,1.6847977605581215,0.9014691952175153,0.0004306873889235433,0.0020468742002324237,0.09400182860727352,88.70114982405536,41.793229772773685,88.70114982405536,54.27192993073489
138.0,797981.7,3872640.0,0.07973641363995676,0.06931598172972353,0.1937046016043511,-0.11396818796439434,0.6783752678820283,0.04026498121702233,0.8517813217264845,-0.23426454276899206,0.11245875808647694,0.06291398563191654,0.07369387383893018,0.09106810247779723,0.08476781281087818,0.640000483399604,11.558373543887646,-2.572410497145328,1.3266681580823472,0.5230992531566607,8.798958631638505e-23,0.01102015522306176,0.18653273492725173,76.13695526312233,46.864995239352936,76.13695526312233,59.87758307499333
139.0,919077.6,3595170.0,-0.8182949449800531,-0.01295227912518071,-0.6410174291159113,-0.17727751586414175,0.5053959642817223,0.002824291484559687,0.4902668228368738,-0.26675851499370584,0.12352783108585007,0.06114828158500613,0.11325782192906747,0.08670816864829625,0.0976141875239737,0.04618758551102469,4.328767889814483,-3.0765096201688427,1.265470053269788,0.9632190634273594,2.6518388214046185e-05,0.002469101372218102,0.20756585580606532,88.24386006113477,39.7282814434109,88.24386006113477,52.39414339440473
140.0,682616.8,3660254.0,0.4671224899074118,0.329359523900835,0.05348428396317732,0.41363820594423445,0.7318889697182362,0.005036056410434253,0.7016495446965763,-0.26347909507553735,0.11821524190087054,0.06116965154738678,0.07120562217287399,0.08748474157382714,0.09129808736087673,0.08232932970907855,9.853850346158087,-3.0117148469049435,1.2948271460890255,0.9344890375476171,3.72704213953777e-18,0.0030257296131431612,0.19726883516867383,85.74867888833188,36.35848765065876,85.74867888833188,48.899531206486785
141.0,819399.6,3514927.0,-0.6598188228706395,0.166118865131772,-0.5267343597093308,-0.13308446316130873,0.474040501684889,-0.03743421519224195,0.28604898238032705,-0.28357084329768495,0.21031382930604098,0.06235699009641264,0.08912726786018897,0.08570675807205765,0.0999931391912415,-0.6003210728157887,3.2094440820181176,-3.3086170761385443,2.103282595256921,0.5491523609082621,0.0016108357904865169,0.001161177459111435,0.037025328394191266,87.58337343500635,42.76136863016617,87.58337343500635,58.32704061882425
142.0,832935.0,3623868.0,-1.0824218151624088,-0.5597258872151005,-0.6199367875888209,-0.4624850275735879,0.6382441745170496,0.021173806281997925,0.654742821829831,-0.2664372374847723,0.08257014490825032,0.06352931893587956,0.0843066617052761,0.08798108546241813,0.09891650472738113,0.33329188218385825,7.766205049355616,-3.0283467870896326,0.8347458812441645,0.7393558373388459,9.569426003865775e-13,0.0028727652501382307,0.4051211769523759,78.00763502353692,34.627404591952335,78.00763502353692,48.23984680869877
143.0,777040.1,3858779.0,-0.14917354051808504,0.29535119684793565,-0.28276477834281283,0.1335912378247278,0.6823813013197431,0.03716098831490569,0.8516605391320816,-0.23601386902116164,0.11450171057736129,0.06256596414543505,0.07314722842703285,0.09080618635740305,0.08472253317172722,0.5939489436864538,11.643100599247523,-2.5990946045486076,1.3514906399844486,0.5533956877813211,5.1551790507274836e-23,0.010232053420792465,0.17847012916719115,78.97820587254935,49.81965557096704,78.97820587254935,61.53853475851718
144.0,752165.2,3639192.0,-0.3428665786518126,-0.3419413129803655,-0.1178754336409467,-0.22499114501086587,0.7036460639149043,0.01405982162450722,0.6730920633852454,-0.2686150275422205,0.09513752297223664,0.0625820428898273,0.07160993876586536,0.08743081061983841,0.09665367779508505,0.22466223496824586,9.399422412382949,-3.072315418762349,0.9843135320099997,0.8225323267320461,6.042937484398587e-17,0.0025020516086775584,0.3264662686070636,84.67924672179288,39.67826255398353,84.67924672179288,49.99846524947229
145.0,658870.4,3842167.0,-0.4485173267247548,-0.1424313515032628,-0.4224716368292124,-0.0260456898955424,0.6986660868161136,0.020490022904483617,0.8321483203574408,-0.24114608790385747,0.13249068586064547,0.06167274524325734,0.07172354790224096,0.09005650681076749,0.08485573474025164,0.3322378925028278,11.602163371667798,-2.677719761111422,1.5613639580896588,0.7401499831912904,6.674869801921542e-23,0.008195831576950202,0.12043864842588718,76.61196523173018,43.759457106804184,76.61196523173018,56.09322069152238
146.0,800384.3,3742691.0,-0.2724327466031843,-0.2574771403020027,-0.13161014235166216,-0.14082260425152213,0.6894073822106754,0.04328684494781921,0.8776972394456054,-0.247961305329016,0.08226093385793617,0.06251524844056444,0.07383402120715175,0.08967623977658774,0.08581895743612439,0.6924205858187321,11.887436510915505,-2.7650725091369472,0.9585403542004519,0.4896896376000136,1.1018303403601332e-23,0.006368712398702477,0.3392548203450879,88.44828653403707,48.05074913248259,88.44828653403707,66.72855880901737
147.0,938349.6,3446675.0,-0.09634816648161376,0.2572192816953165,-0.2418782442086531,0.14553007772703933,0.40520404004300903,-0.038239391948861896,0.2727663876316691,-0.2845170180252261,0.2438056888160531,0.06252473708843863,0.11103542904529838,0.08553008124358401,0.09581063595879348,-0.6115882085961253,2.456570753830207,-3.3265140625196,2.54466204483717,0.5416892296428847,0.01510917761898266,0.0010937161370232495,0.011897029884987866,83.9580207333818,41.73815605288246,83.9580207333818,57.66170704891091
148.0,902471.1,3699878.0,-1.188072563235351,-0.6321617681129015,-0.7651679608083477,-0.42290460242700334,0.6410854892822975,0.061944031612897306,0.8728153192577174,-0.24831434169087307,0.043431800885857165,0.0652829783152149,0.08542328267992759,0.0905759433342031,0.09701561379043867,0.9488542528468035,10.217534281936556,-2.7415043393437686,0.44767846317679605,0.34414379562679154,3.92708228018487e-19,0.006821222015232961,0.6549984531455806,71.84190360570334,36.992473199460846,71.84190360570334,50.17824389145071
149.0,894704.3,3648583.0,-0.201998914554556,0.006356908747570417,-0.549724312700869,0.347725398146313,0.6104070267288126,0.03609957385263122,0.7783109220858941,-0.25678421386772543,0.05839434799123002,0.063095504092714,0.09674589388281889,0.08883860046216097,0.10068431159831409,0.5721417773219731,8.044898763647833,-2.89045766740886,0.579974646141473,0.5680390777767108,1.9264619059976909e-13,0.004388274497856451,0.5627578587911994,77.80621983841428,38.0500141928428,77.80621983841428,48.90829353859266
150.0,986832.8,3494323.0,-0.23721583057887033,0.2680249457252084,-0.375727198828926,0.1385113682500557,0.41630232100786735,-0.02474422301703915,0.3474142046851461,-0.2783316375076881,0.22142156207697414,0.06227585626775379,0.12091180603926621,0.08598412923388121,0.09672419331144808,-0.3973325217826289,2.873286042657597,-3.2370117600494837,2.2892055699446927,0.6916585126795379,0.004621259650345529,0.0014718321188646561,0.023391608750339524,83.18629298287246,41.613232903142915,83.18629298287246,54.3488911086127
151.0,731576.3,3544716.0,-0.9591626090773094,-0.6274554134856116,-0.21665150951655548,-0.742511099560754,0.6063405555232574,-0.03431120015717843,0.3355675304666315,-0.28473944179115984,0.17136483354974452,0.0660492315967192,0.08036083669528182,0.0872883802556738,0.10319790809537101,-0.5194791722434321,4.17575953992442,-3.26205436459169,1.6605456129147174,0.604153596103949,4.89488000929974e-05,0.0013553141064338826,0.09878797247432604,70.72785126863343,41.63406340660269,70.72785126863343,53.32963070014958
152.0,898776.3,3563384.0,-0.4133004107004408,0.5077077415309992,-0.6502007729017802,0.23690036220133942,0.46795516080448474,-0.011974411662489578,0.3944594274320055,-0.2730596920086129,0.1667514836474491,0.060970822273325044,0.12017862757808101,0.08592559246082176,0.09469211816680216,-0.19639577122331883,3.2822760201327985,-3.177862196680412,1.760985886425234,0.844552788701193,0.001267558006445681,0.0017850291147731851,0.0801753270267186,91.93250921620557,37.846915670686144,91.93250921620557,56.446395069227066
153.0,796905.6,3841086.0,0.4671224899074118,0.4215829756806595,0.143469242049375,0.3236532478580368,0.6805096666955632,0.040782730675556975,0.8558175035801876,-0.23670923781019795,0.10842560501139559,0.06275428027168402,0.07345403843392023,0.0907903385327012,0.08470564140903722,0.6498796655621745,11.651061287121566,-2.6072073486645184,1.2800281446169144,0.5167136968134738,4.902555635010059e-23,0.010002695747951125,0.20241142117137823,80.32837550558753,50.07784726507036,80.32837550558753,63.20382729089353
154.0,686891.4,3855274.0,0.185387161712899,-0.5905965764291378,1.0890504012601034,-0.9036632395472044,0.6940787491055358,0.024360631348851403,0.8383426988508113,-0.2393020076841546,0.12865070929200137,0.06183377934690028,0.07219391295142405,0.09028555168648586,0.0846766377788556,0.39396963287951764,11.612373738695856,-2.6505016939490424,1.519317637858862,0.6941346507201822,6.258367068792415e-23,0.008855094197135253,0.1306810990747172,77.55084912929135,46.184906938846666,77.55084912929135,58.58940385027239
155.0,838551.5,3538547.0,-0.5893849908220113,0.3351446957418328,-0.6327814519737066,0.043396461151695265,0.48162940338884075,-0.027334958860383025,0.35021552845618736,-0.279711554149734,0.19285852548083374,0.061652596082003075,0.10217896741169537,0.08567022996938824,0.0973233055696377,-0.4433707677779742,3.4274717911868606,-3.2649796113501828,1.981627364093565,0.6581040852201292,0.0007768438065700098,0.0013422785525503717,0.04925583661999173,90.28756068577209,39.694686387877205,90.28756068577209,58.40273662459303
156.0,891228.5,3749769.0,-0.09634816648161376,0.14374466675084058,-0.4861918107375096,0.38984364425589585,0.6579827523454472,0.06044248564946629,0.8725738423428864,-0.24296639948152757,0.05540402924376496,0.06417562838192915,0.0768955836133404,0.09048293960316968,0.09084624183105841,0.9418292765246369,11.347515700388104,-2.685217794062653,0.6098659463183593,0.3477178525271579,3.324520184760112e-22,0.008022180005728496,0.5428267059652917,77.10004444453507,39.781319031629074,77.10004444453507,53.42460595669869
157.0,858796.9,3637891.0,-0.37808349467612656,-0.41553663914354194,-0.2901998835931069,-0.08788361108301967,0.6284570693433797,0.03128735370958513,0.7649005688998642,-0.2614811972179406,0.06461912463432302,0.0632741304226449,0.09116713059351886,0.08844150136491376,0.0990457612516324,0.4944730729699264,8.390091515661256,-2.9565440792220046,0.652416860830155,0.6216589386951517,2.5673131264395533e-14,0.0035884328747937825,0.5150803479490669,78.19486615123779,35.40894714513007,78.19486615123779,49.991102859626295
158.0,801018.1,3487328.0,-0.8182949449800531,-0.24095701591363927,-0.3812461638998579,-0.4370487810801952,0.4623139743397865,-0.0467115247709488,0.23699691796530506,-0.28715533619005995,0.21906402093365288,0.06312858479406347,0.08502553526390927,0.08584607867714121,0.10153594097945064,-0.7399425303660774,2.7873616699935435,-3.3450023648724057,2.157502248174252,0.46043290868685716,0.005966029135324071,0.001027881079801162,0.03247761636706912,83.73257184750567,43.75319159964843,83.73257184750567,58.472960220813476
